comments,status
"Giao thiếu hàng ,tuy ít tiền shop không phản hồi",Xấu
quá mỏng. ,Tốt
"Chuyên nghiệp, thân thiện. Đẹp như mô tả. Đóng gói kỹ lưỡng. Chất lượng tuyệt vời. Giá tốt. Giao hàng nhanh bất ngờ. OK nhà  hàng nhue quảng cáo mọi người ak",Tốt
Chất lượng tuyệt vời. Giá tốt. ,Tốt
"Chuyên nghiệp, thân thiện. Đẹp như mô tả. Đóng gói kỹ lưỡng. Chất lượng tuyệt vời. Giá tốt. Giao hàng nhanh bất ngờ. ",Tốt
"Chuyên nghiệp, thân thiện. Đẹp như mô tả. Đóng gói kỹ lưỡng. Chất lượng tuyệt vời. Giá tốt. Giao hàng nhanh bất ngờ. ",Tốt
Đóng gói kỹ lưỡng. ,Tốt
không giống hình ảnh,Xấu
Chất lượng cần tốt hơn. ,Xấu
Đẹp như mô tả. Giá tốt. ,Tốt
"Chuyên nghiệp, thân thiện. Đẹp như mô tả. Đóng gói kỹ lưỡng. Chất lượng tuyệt vời. Giá tốt. Giao hàng nhanh bất ngờ. ",Tốt
"Chuyên nghiệp, thân thiện. Đẹp như mô tả. Đóng gói kỹ lưỡng. Chất lượng tuyệt vời. Giá tốt. Giao hàng nhanh bất ngờ. ",Tốt
Chất lượng tuyệt vời. Giá tốt. Giao hàng nhanh bất ngờ. dùng ok mỗi chìa khóa là ko giống hình ảnh quảng cáo thôi nhưng ko sao dùng ngon là ok rôi ,Tốt
hàng đạt chuẩn . gíao hàng nhanh ,Tốt
"Chuyên nghiệp, thân thiện. Giá tốt. ",Tốt
"Chuyên nghiệp, thân thiện. Đẹp như mô tả. Giá tốt. ",Tốt
"Chuyên nghiệp, thân thiện. Đẹp như mô tả. Đóng gói kỹ lưỡng. Chất lượng tuyệt vời. Giá tốt. Giao hàng nhanh bất ngờ. ",Tốt
"Đóng gói kỹ lưỡng. Chuyên nghiệp, thân thiện. Giá tốt. sản phẩm dúng như mô tả, chất lượng thì phải chờ thời gian sử dụng mới biết được",Tốt
"Chuyên nghiệp, thân thiện. hình ảnh chỉ mang tính chất nhận xu ",Tốt
"Chuyên nghiệp, thân thiện. ",Tốt
Đẹp như mô tả. ,Tốt
"Chuyên nghiệp, thân thiện. ",Tốt
"hướng dẫn format thẻ nhớ 64G cho mình, mình đã format trên máy tính nhưng không được đơn hàng: 14467952296 phụ kiện công nghệ 24 H 0962353362 thanh liệt thanh trì hà nội Lê Thanh 0903522678 phường Trường Chinh Tp Kon Tum",Tốt
"Chuyên nghiệp, thân thiện. Giao hàng nhanh bất ngờ. ",Tốt
"Chuyên nghiệp, thân thiện. Đẹp như mô tả. Chất lượng tuyệt vời. Đóng gói kỹ lưỡng. Giá tốt. Giao hàng nhanh bất ngờ. ",Tốt
Giá tốt. Giao hàng nhanh bất ngờ. Giống như mô tả,Tốt
ok đấy ,Tốt
"Chuyên nghiệp, thân thiện. Đẹp như mô tả. Đóng gói kỹ lưỡng. Chất lượng tuyệt vời. Giá tốt. ",Tốt
Chất lượng cần tốt hơn. sản phẩm tạm được.,Xấu
Chất lượng tuyệt vời. ,Tốt
Đẹp như mô tả. ,Tốt
Đẹp như mô tả. ,Tốt
Chất lượng tuyệt vời. rất ok cảm ơn shop,Tốt
Giá hợp lý. ,Tốt
Chất lượng tuyệt vời. Giao hàng nhanh bất ngờ. OK ,Tốt
Chất lượng tuyệt vời. ,Tốt
Giá tốt. ,Tốt
"Chuyên nghiệp, thân thiện. Đóng gói kỹ lưỡng. ",Tốt
10 viên có 1 viên không kí hiệu và mã j hết. hy vọng shop rút kinh nghiệm lần sau ,Bình thường
"Chuyên nghiệp, thân thiện. Đẹp như mô tả. Đóng gói kỹ lưỡng. Chất lượng tuyệt vời. Giá tốt. Giao hàng nhanh bất ngờ. ",Tốt
"Chuyên nghiệp, thân thiện. Đẹp như mô tả. Đóng gói kỹ lưỡng. Chất lượng tuyệt vời. Giá tốt. Giao hàng nhanh bất ngờ. hàng xinh wa sá luon ....giá rất ok....tăng shop 5sao nak",Tốt
"Chuyên nghiệp, thân thiện. ",Tốt
Đẹp như mô tả. Chất lượng tuyệt vời. ,Tốt
"Chuyên nghiệp, thân thiện. Đẹp như mô tả. Đóng gói kỹ lưỡng. Chất lượng tuyệt vời. Giá tốt. Giao hàng nhanh bất ngờ. ",Tốt
"Chuyên nghiệp, thân thiện. Đẹp như mô tả. ",Tốt
"giao hang ko dung, thieu do nhan tin ko tra loi luon.qua that vong mua cung may lan roi",Xấu
Giá tốt. ,Tốt
"Chuyên nghiệp, thân thiện. Đẹp như mô tả. Đóng gói kỹ lưỡng. Chất lượng tuyệt vời. Giá tốt. Giao hàng nhanh bất ngờ. ",Tốt
"Chuyên nghiệp, thân thiện. Đẹp như mô tả. Đóng gói kỹ lưỡng. Chất lượng tuyệt vời. Giá tốt. Giao hàng nhanh bất ngờ. ",Tốt
Giá tốt. Giao hàng nhanh bất ngờ. ,Tốt
Đẹp như mô tả. ,Tốt
"Chuyên nghiệp, thân thiện. Đẹp như mô tả. Đóng gói kỹ lưỡng. Chất lượng tuyệt vời. Giá tốt. Giao hàng nhanh bất ngờ. ?",Tốt
Đẹp như mô tả. ,Tốt
Giá đắt. Chất lượng cần tốt hơn. Giao hàng cần nhanh hơn. Cần đúng với mô tả. Shop cần thân thiện hơn. Nên đóng gói kỹ hơn. ,Xấu
Đóng gói kỹ lưỡng. Giá tốt. Giao hàng nhanh bất ngờ. ,Tốt
Cần đúng với mô tả. ,Xấu
"Chuyên nghiệp, thân thiện. ",Tốt
Giao hàng nhanh bất ngờ. ,Tốt
Đóng gói kỹ lưỡng. ,Tốt
Chất lượng tuyệt vời. ,Tốt
Hàng đúng chất lượng,Tốt
"Chuyên nghiệp, thân thiện. Đẹp như mô tả. Đóng gói kỹ lưỡng. Chất lượng tuyệt vời. Giá tốt. Giao hàng nhanh bất ngờ. ",Tốt
Shop làm ăn gian dối. Đây không phải giỏ mà là cái túi thôi nhé. Nhưng n mỏng manh và dễ rách cực kỳ. Mình nt muốn hoàn trả nh k phản hồi,Xấu
"Chuyên nghiệp, thân thiện. Đẹp như mô tả. Đóng gói kỹ lưỡng. Giao hàng nhanh bất ngờ. ok tốt",Tốt
Đẹp như mô tả. nó bự quá định mua loại vừa thôi ,Tốt
Chất lượng cần tốt hơn. Hàng vải quá mỏng chất lượng quá thấp ,Xấu
"Hàng chất lượng quá kém,k nhiw mô tả",Tốt
"Hàng y hình nhưng mỏng ạ,dày 1 chút nữa là ok hơn ạ!",Tốt
"Chuyên nghiệp, thân thiện. Đẹp như mô tả. Đóng gói kỹ lưỡng. Chất lượng tuyệt vời. Giá tốt. Giao hàng nhanh bất ngờ. ok",Tốt
"chất vải xấu, quai vừa động vào đã đứt 
",Xấu
"Cần đúng với mô tả. hình ảnh đăng bán và hình ảnh thiệt khác xa, mọi người nên cân nhắc trước khi mua",Xấu
Chất lượng ổn. Đúng mô tả. Đóng gói kỹ. giỏ hơi mỏng manh tí  nhưng tam ổn mua được ,Bình thường
"Đẹp như mô tả. Chất lượng tuyệt vời. Giá tốt. Sản phẩm túi chất lượng kích thước như mô tả.  Túi đứng thành 1 hộp khi túi còn rỗng và đóng khóa kéo lại (Vì chất liệu là vải không dệt), đủ dày để túi đứng thẳng khi rỗng. Không như loại túi làm bằng nhựa mỏng lét, ngã lên ngã xuống nha. Tuyệt vời, giá khoảng 22-23k cái luôn ship đến SG (nếu tổng giá trị đơn hàng theo tiêu chuẩn Sendo).",Tốt
"Đặt hàng 04 giỏ, bận đi làm nhờ người nhà nhận hộ Trưa về mở ra có 03 giỏ Làm ăn kiểu này mau giàu lắm HÃY ĐỢI ĐẤY",Tốt
vải quá mỏng ,Bình thường
"Chuyên nghiệp, thân thiện. Đóng gói kỹ lưỡng. Giao hàng nhanh bất ngờ. ",Tốt
Giao hàng nhanh bất ngờ. rất tiện dùng để chứa ,Tốt
giỏ đựng ko khung ,Tốt
Không giống với mô tả nó chỉ như một cái túi không có nắp đậy .... đừng mua m.n ơi phí tiền,Xấu
"Giỏ to đựng được nhiều đồ, chất lượng phù hợp với giá cả, dùng để đựng mùng, mền, gối ... tạm ổn",Tốt
Shop giao hàng k đúng mô tả..nhận hàng k hài lòng chút nào….cầu cho shop mua may bán đắc,Xấu
giao hàng thân thiện vui vẻ shop giao đúng hẹn tặng shop 5 sao ,Tốt
Áo hơi mỏng ,Tốt
Chất lượng tuyệt vời. ,Tốt
hàng chẩn nhưng hơi lâu,Tốt
Chuyên nghiệp. Đóng gói kỹ. Đúng mô tả. Giao hàng nhanh. ,Tốt
Đẹp như mô tả. Đóng gói kỹ lưỡng. Chất lượng tuyệt vời. Giá tốt. Giao hàng nhanh bất ngờ. Tuyet voi binh san cam lam dang mua,Tốt
"Đẹp như mô tả. Đóng gói kỹ lưỡng. Giá tốt. hàng nhìn thấy đẹp điện chuẩn còn chất lượng thì phải thời gian dài mới biết được
",Tốt
"Chuyên nghiệp, thân thiện. ",Tốt
Đóng gói kỹ. Đúng mô tả. Giá hợp lý. Giao hàng nhanh. đã nhận được hàng đang sử dụng ,Tốt
"máy gì mới giao xài có hai ba ngày đã hư ( mua hai cái dều như nhau ) 
CẠCH MẶT XỐP BÁN ĐỒ ĐIỂU
",Tốt
"HY VỌNG TỪ NAY SHOP HÃY BÁN HÀNG, SẢN PHẨM ĐÚNG HÌNH ẢNH VIDEO CLIP ĐĂNG QUẢNG CÁO ĐẾN TAY KHÁCH HÀNG, MẶC DÙ SHOP CÓ ĐỔI CÁI KHÁC NHƯNG VẪN KHÔNG ĐÚNG NHƯ SHOP ĐĂNG BÁN TRÊN SHOP SEN ĐỎ THANKS ",Tốt
Đẹp như mô tả. Đóng gói kỹ lưỡng. Chất lượng tuyệt vời. Giá tốt. hình ảnh mang tính minh họa  hàng chất sẽ ủng hộ tiếp tục mua làm quà cho các cụ khổi chê,Tốt
Đẹp như mô tả. Đóng gói kỹ lưỡng. Giá tốt. đẹp như mô tả đóng gói kỹ lưỡng giá tốt máy tes thử chạy tốt lâu dài chưa biết ,Tốt
"Chất lượng tuyệt vời. 
cho shop5sao.giao hàng ok",Tốt
"Chuyên nghiệp, thân thiện. Đẹp như mô tả. Chất lượng tuyệt vời. Giá tốt. Giao hàng nhanh bất ngờ. mình mua 2 lần 4 cái rồi quá ok",Tốt
"Đóng gói kỹ. Đúng mô tả. Giá hợp lý. Giao hàng nhanh. máy  chạy  đặt  màu  bạc  giao  màu  đỏ  
",Tốt
"Chuyên nghiệp, thân thiện. Đẹp như mô tả. Giá tốt. Đã mua và dùng mấy ngày thấy khá ổn độ bền chờ thời gian trả lời.  Hôm nay tiếp tục mua ủng hộ shop cái nữa. ",Tốt
"Chuyên nghiệp, thân thiện. Đẹp như mô tả. Giá tốt. Đã mua và dùng mấy ngày thấy khá ổn độ bền chờ thời gian trả lời.  Hôm nay tiếp tục mua ủng hộ shop cái nữa. ",Tốt
"032242Cho con dâu 5 triệu đi du lịch, nhìn món quà con mang về tôi bắt xe về quê luôn

Cẩm Tú - Ngày 08/07/2023, 09:36

",Tốt
"Chuyên nghiệp, thân thiện. Đẹp như mô tả. Đóng gói kỹ lưỡng. Chất lượng tuyệt vời. Giá tốt. Giao hàng nhanh bất ngờ. quá tuyệt vời. giá rẻ mà dùng rất tốt ",Tốt
Chất lượng kém!,Xấu
"Chuyên nghiệp, thân thiện. Đẹp như mô tả. Đóng gói kỹ lưỡng. Chất lượng tuyệt vời. Giá tốt. Giao hàng nhanh bất ngờ. ",Tốt
"Chuyên nghiệp, thân thiện. Đóng gói kỹ lưỡng. Giá tốt. Giao hàng nhanh bất ngờ. ",Tốt
"Chuyên nghiệp, thân thiện. Đẹp như mô tả. Chất lượng tuyệt vời. Giá tốt. Giao hàng nhanh bất ngờ. ",Tốt
"Chuyên nghiệp, thân thiện. Đẹp như mô tả. Chất lượng tuyệt vời. Đóng gói kỹ lưỡng. Giá tốt. Giao hàng nhanh bất ngờ. ",Tốt
"Chuyên nghiệp, thân thiện. Đẹp như mô tả. Đóng gói kỹ lưỡng. Chất lượng tuyệt vời. Giá tốt. Giao hàng nhanh bất ngờ. ",Tốt
"Chuyên nghiệp, thân thiện. Đẹp như mô tả. Đóng gói kỹ lưỡng. Chất lượng tuyệt vời. Giá tốt. Giao hàng nhanh bất ngờ. ",Tốt
"Chuyên nghiệp, thân thiện. Đẹp như mô tả. Đóng gói kỹ lưỡng. Chất lượng tuyệt vời. Giá tốt. Giao hàng nhanh bất ngờ. wwwooaaaa TOẸT VỜI..!!!",Tốt
Chất lượng tuyệt vời. Giá tốt. Giao hàng nhanh bất ngờ. bật chồi rất rốt,Tốt
"Chuyên nghiệp, thân thiện. Đẹp như mô tả. Đóng gói kỹ lưỡng. Chất lượng tuyệt vời. Giá tốt. Giao hàng nhanh bất ngờ. ",Tốt
"Chuyên nghiệp, thân thiện. Đẹp như mô tả. Đóng gói kỹ lưỡng. Chất lượng tuyệt vời. Giá tốt. Giao hàng nhanh bất ngờ. ",Tốt
"Chuyên nghiệp, thân thiện. Đẹp như mô tả. Đóng gói kỹ lưỡng. Chất lượng tuyệt vời. Giá tốt. Giao hàng nhanh bất ngờ. ",Tốt
"Chuyên nghiệp, thân thiện. Đẹp như mô tả. Đóng gói kỹ lưỡng. Chất lượng tuyệt vời. Giá tốt. Giao hàng nhanh bất ngờ. ",Tốt
Đẹp như mô tả. ,Tốt
"Chuyên nghiệp, thân thiện. Đóng gói kỹ lưỡng. ",Tốt
Đẹp như mô tả. Đóng gói kỹ lưỡng. Chất lượng tuyệt vời. ,Tốt
Đẹp như mô tả. Đóng gói kỹ lưỡng. Giá tốt. Giao hàng nhanh bất ngờ. ,Tốt
"Chuyên nghiệp, thân thiện. Đẹp như mô tả. Đóng gói kỹ lưỡng. Chất lượng tuyệt vời. Giá tốt. Giao hàng nhanh bất ngờ. ",Tốt
Dong goi cân than nhung giao hang cham,Tốt
Đẹp như mô tả. Chất lượng tuyệt vời. ,Tốt
Đẹp như mô tả. ,Tốt
"Chuyên nghiệp, thân thiện. Đẹp như mô tả. Đóng gói kỹ lưỡng. Chất lượng tuyệt vời. Giá tốt. Giao hàng nhanh bất ngờ. hàng  đúng  yêu  cầu ",Tốt
Đẹp như mô tả. Đóng gói kỹ lưỡng. ,Tốt
Sản phẩm/dịch vụ hoàn toàn khác mô tả. san pham đung mo ta ,Xấu
"Sản phẩm/dịch vụ giống mô tả và tốt hơn mong đợi. Chất lượng sản phẩm/dịch vụ rất tốt. Gửi sản phẩm/vé dịch vụ nhanh. Shop tư vấn, hướng dẫn cực kỳ nhiệt tình. ",Tốt
"Sản phẩm/dịch vụ giống mô tả và tốt hơn mong đợi. Chất lượng sản phẩm/dịch vụ rất tốt. Gửi sản phẩm/vé dịch vụ nhanh. Shop tư vấn, hướng dẫn cực kỳ nhiệt tình. ",Tốt
"đóng hàng kỹ chắc chắn,shop phục vụ khách hàng rất nhiệt tình",Tốt
Shop phục vụ chấp nhận được. ,Bình thường
Giao sản phẩm/vé dịch vụ nhanh. Shop phục vụ chấp nhận được. ,Bình thường
"Chuyên nghiệp, thân thiện. Đẹp như mô tả. Đóng gói kỹ lưỡng. Chất lượng tuyệt vời. Giá tốt. Giao hàng nhanh bất ngờ. ",Tốt
Đẹp như mô tả. ,Tốt
"Chuyên nghiệp, thân thiện. Đóng gói kỹ lưỡng. Giá tốt. Giao hàng nhanh bất ngờ. ",Tốt
Shop cần thân thiện hơn. đặt màu này mà giao màu kìa ko đúng với màu đặt ,Xấu
"kiếm tra trong thùng có 29 gói,không đủ 30 gói,lần sau đóng hàng thì cẩn thận hơn kiểm tra cho sổ lượng rồi hãy gửi hàng. 
",Tốt
Giá tốt. ,Tốt
Đẹp như mô tả. Giao hàng nhanh bất ngờ. ,Tốt
Chất lượng tuyệt vời. ,Tốt
"Chuyên nghiệp, thân thiện. Đóng gói kỹ lưỡng. ",Tốt
mỏng lét ko nên mua,Xấu
"Chuyên nghiệp, thân thiện. Đẹp như mô tả. Đóng gói kỹ lưỡng. Chất lượng tuyệt vời. Giá tốt. Giao hàng nhanh bất ngờ. ",Tốt
để lộ thông tin cá nhân của khách hàng.  tôi bị gọi làm phiền.,Xấu
Đóng gói kỹ lưỡng. Chất lượng tuyệt vời. Giá tốt. Giao hàng nhanh bất ngờ. ,Tốt
"Chuyên nghiệp, thân thiện. Đẹp như mô tả. Đóng gói kỹ lưỡng. Giá tốt. Giao hàng nhanh bất ngờ. Khẩu trang đẹp.",Tốt
Chất lượng tuyệt vời. Giá tốt. ,Tốt
Giao hàng tạm ổn. Đóng gói kỹ. khẩu  trang  mỏng  wa  ,Bình thường
"chuột ko chết ngay mà về sau mới chết, thối khắp quanh nhà ",Bình thường
Đóng gói kỹ lưỡng. Chất lượng tuyệt vời. Giá tốt. ,Tốt
Chất lượng tuyệt vời. Giá tốt. Giao hàng nhanh bất ngờ. ,Tốt
Hàng bị bể ,Tốt
giao hàng lâu quá nhận được hàng rồi ,Tốt
nhin thi ok ma thay qua nhe va mong ko biet sai co ben ko ,Tốt
"Chất lượng cần tốt hơn. Hàng không chất lượng, lỗi",Xấu
"hàng  lỗi  không  giải quyết, shop  này  không  uy tín ",Xấu
trước mắt sản phẩm đúng như mô tả. độ bền phải qua thời gian sử dụng,Tốt
hang dung nhu mo ta nhan vien giao hang khong cho xem hang,Tốt
"hình thức ngoại quan đẹp, nhận hàng thì hỏng nút số,chưa ưng lắm ",Bình thường
"Chuyên nghiệp, thân thiện. Đẹp như mô tả. Đóng gói kỹ lưỡng. Chất lượng tuyệt vời. Giá tốt. Giao hàng nhanh bất ngờ. ",Tốt
Chất lượng tuyệt vời. Giá tốt. ok,Tốt
"Chuyên nghiệp, thân thiện. Đẹp như mô tả. Đóng gói kỹ lưỡng. Chất lượng tuyệt vời. Giá tốt. Giao hàng nhanh bất ngờ. rẻ và chất lượng, ",Tốt
"NỒI LẨU TO Y HÌNH, TÔI RẤT VỪA Ý . CẢM ƠN SHOP NHIỀU NHÉ ?.
",Tốt
"Giao hàng nhanh bất ngờ. Đóng gói kỹ lưỡng. Giá tốt. Nồi trông giống hình, độ bền chưa kiểm chứng",Tốt
"rất kém
Mọi người lên cân nhắc trc khi mua
",Xấu
hàng giao rất tệ bể hư kg xài được shops cầ cải thiện lại trong việc kiểm tra hàng trứớc khi giao,Xấu
"Chuyên nghiệp, thân thiện. Đẹp như mô tả. Đóng gói kỹ lưỡng. Giá tốt. Giao hàng nhanh bất ngờ. chất lượng dùng mới biết đc để đánh giá sau ",Tốt
Đẹp như mô tả. Đóng gói kỹ lưỡng. gióng hình chưa sài chưa biết chất lượng nhưng vẫn cho năm sao nhé,Tốt
"Chuyên nghiệp, thân thiện. Đẹp như mô tả. Đóng gói kỹ lưỡng. Chất lượng tuyệt vời. Giá tốt. Giao hàng nhanh bất ngờ. hang dung mo ta dung tot tang shop 5sao",Tốt
đóng gói cực kỳ kỹ lưỡng. thích nhất điều này. chắc sản phẩm sẽ k đến nổi tệ. cảm ơn Shop,Tốt
"Chuyên nghiệp, thân thiện. Đẹp như mô tả. Đóng gói kỹ lưỡng. Giá tốt. sản phẩm y hình, chất lượng thì phải dùng mới biết có tốt ko, tặng shop 5 sao nhé.hy vọng shop ngày càng nâng cao chất lượng sản phẩm tốt 
",Tốt
"Chuyên nghiệp, thân thiện. Đẹp như mô tả. Đóng gói kỹ lưỡng. Chất lượng tuyệt vời. Giá tốt. Giao hàng nhanh bất ngờ. Chất lượng tốt, sản phẩm đẹp như hình, đóng gói cẩn thận, giá cả gợp lý",Tốt
Đẹp như mô tả. Đóng gói kỹ lưỡng. Chất lượng tuyệt vời. Giá tốt. ,Tốt
Chất lượng tuyệt vời. ,Tốt
"đc OK giá rẻ mà Sài với motto650w hơi nóng ko biết bền ko
",Tốt
đóng gói có mốt chống sốc rất oke,Tốt
"Sản phẩm/dịch vụ giống mô tả và tốt hơn mong đợi. Chất lượng sản phẩm/dịch vụ rất tốt. Gửi sản phẩm/vé dịch vụ nhanh. Shop tư vấn, hướng dẫn cực kỳ nhiệt tình. ok",Tốt
Đóng gói kỹ lưỡng. Giá tốt. Date xa Sẽ ủng hộ shop tiếp,Tốt
tuyệt vời rất chuẩn ,Tốt
rất ok,Tốt
"
mẫu mới nhưng hoàn toàn hài lòng ",Tốt
Đóng gói kỹ lưỡng. ,Tốt
"Chuyên nghiệp, thân thiện. Đẹp như mô tả. Đóng gói kỹ lưỡng. Chất lượng tuyệt vời. Giá tốt. Giao hàng nhanh bất ngờ. ",Tốt
"Chuyên nghiệp, thân thiện. Đẹp như mô tả. Đóng gói kỹ lưỡng. Chất lượng tuyệt vời. Giá tốt. Giao hàng nhanh bất ngờ. ",Tốt
"Chuyên nghiệp, thân thiện. Đẹp như mô tả. Đóng gói kỹ lưỡng. Chất lượng tuyệt vời. Giá tốt. Giao hàng nhanh bất ngờ. ",Tốt
Chất lượng tuyệt vời. Giá tốt. ,Tốt
"Chuyên nghiệp, thân thiện. Đẹp như mô tả. Đóng gói kỹ lưỡng. Giá tốt. Giao hàng nhanh bất ngờ. ",Tốt
"Chuyên nghiệp, thân thiện. Đóng gói kỹ lưỡng. Giá tốt. ",Tốt
"Shop giao hang ko dung chat luong , binh bi vỡ ma giao hang … nt rieng cho shop giai quyet thi ko tra loi . ",Xấu
tiền nào của đó đúng như ông bà nói ,Bình thường
"đặt màu vàng, nhưng giao màu trắng. inox 316 nhưng bên trong lại ri sét xung quanh thành. hàng giả mạo, không đúng chất lượng như mô tả. đành chịu bỏ đi vì không kiếm tra kỹ. ",Xấu
"đặt hàng màu đen giao màu xanh dương, đợt trước thấy bình chất lượng nên mua thêm 1 cái nữa , không ngờ tệ , 4 sao thôi ",Tốt
Chưa chuyên nghiệp. ,Bình thường
"Giá hợp lý. Đóng gói sơ sài,bị vỡ nắp",Tốt
"Chuyên nghiệp, thân thiện. Đẹp như mô tả. Đóng gói kỹ lưỡng. Giá tốt. Giao hàng nhanh bất ngờ. giao hàng rất nhanh. Đóng gói sản phẩm chắc chắn. giá tốt. Chất lượng chưa sử dụng nên chưa đánh giá đc. cảm thấy hài lòng. ",Tốt
"Chất lượng tuyệt vời. Giá tốt. OK 
",Tốt
Đẹp như mô tả. tốt ,Tốt
"buôn bán lừa đảo giữ được có hai tiếng mọi người nên tránh mua hàng của sop nầy nhé,xa chứ gần đem vụt vô mặc tụi lừa đảo đó",Tốt
"Cần đúng với mô tả. Mình mua bình giữ nhiệt xài không giữ nhiệt, mình nhắn tin báo shop không thấy trả lời",Xấu
bình cho nuoc nong vao thì cầm nóng tay.cho nuoc đá vào thì thấy ra mồ hôi ngoài bình.,Tốt
Nên đóng gói kỹ hơn. hàng hư vo hết trơn mak gửi về vậy shop  ,Xấu
"hàng đẹp, 2 cái mà sao cái lớn cái nhỏ vậy shop",Tốt
"Chuyên nghiệp, thân thiện. Đẹp như mô tả. Đóng gói kỹ lưỡng. Chất lượng tuyệt vời. Giá tốt. Giao hàng nhanh bất ngờ. của hàng này OK nhé mọi người ",Tốt
Nhận hàng về bị vỡ nắp đóng hàng sơ sài ,Xấu
"Cần đúng với mô tả. xin nhờ shop đối cái khác vì giao cái nắp bể rồi
",Xấu
"Chuyên nghiệp, thân thiện. Đẹp như mô tả. Đóng gói kỹ lưỡng. Chất lượng tuyệt vời. Giá tốt. Giao hàng nhanh bất ngờ. chất lượng khá tốt giá cả hợp lý đáng để mua ",Tốt
"Chuyên nghiệp, thân thiện. Đẹp như mô tả. Đóng gói kỹ lưỡng. Chất lượng tuyệt vời. Giá tốt. Giao hàng nhanh bất ngờ. Sản phẩm đúng như mô tả, rất ok! Người dùng nên chọn mua!",Tốt
"Đẹp như mô mô tả, đóng gói kỹ",Tốt
Chất lượng cần tốt hơn. siêu tốc gì mà nấu gần tiếng mới sủi,Xấu
Cần đúng với mô tả. thông bao la ấm siêu tốc 3 lít toi cho nước vào thu thi chưa được 2 lít vay can dung voi moi ta Sen do nhe,Xấu
"Cần đúng với mô tả. Nên đóng gói kỹ hơn. Shop làm ăn gian dối, giao hàng của china cho khách hàng trong khi  đăng trên Sendo là hàng của Korea, hàng bị móp méo Đúng là tiền mất do bị lừa gạt Mọi người nên cẩn thận khi mua hàng của shop này nhé!",Xấu
Tốt ! Nhưng không biết có bền không !?,Tốt
"Cần đúng với mô tả. Chất lượng cần tốt hơn. móp méo mà cũng giao cho người tiêu dùng,hẳn nào giảm giá",Xấu
"Chuyên nghiệp, thân thiện. Đẹp như mô tả. Chất lượng tuyệt vời. Giao hàng nhanh bất ngờ. Rất là hài lòng ",Tốt
thiếu tiền ak mà làm cái dây cắm ngắn cụt,Xấu
Đẹp như mô tả. Đóng gói kỹ lưỡng. Giá tốt. day cắm ngắn quá ko tới ổ điện .... ,Tốt
dặt màu loại 1 đi giao màu vàng nhìn bên ngoài la hàng bị lỗi bị nở phân nôia cổ với thân bình.nut nâu noi màu xanh giu âm nhưng ngồi chờ  kh thấy xanh.nấu nhanh trong tít tcs đã soicho shop 3sao gửi hàng lỗi ,Bình thường
Đẹp như mô tả. Chất lượng tuyệt vời. Giá tốt. ,Tốt
"Chuyên nghiệp, thân thiện. Đẹp như mô tả. Đóng gói kỹ lưỡng. Chất lượng tuyệt vời. Giá tốt. Giao hàng nhanh bất ngờ. ",Tốt
Chất lượng tuyệt vời. Giá tốt. Giao hàng nhanh bất ngờ. ,Tốt
"Chuyên nghiệp, thân thiện. Đẹp như mô tả. Giao hàng nhanh bất ngờ. ",Tốt
Ok,Tốt
"Hàng chất lươjng kém chẳng khác nào 1 ấm đun siêu tốc , ko giử nhiệt đc , ko đúng thể tích ",Xấu
am bi ho dien giat te ngua ma cung ban .roi mop meo nua.ban hang ko co track nhiem,Xấu
"Dung tích 3l nhưng thực tế là 1,5l không đúng với mô tả sản phẩm ",Bình thường
"nấu lâu hơn những loại ấm khác và chỉ chứa đựng được 1,5 lít nước thôi , chứ 3 lít thì phải tính cả vỏ . ưu điểm là chống bị bỏng khi sờ vào vỏ ấm ",Bình thường
Giao hàng nhanh bất ngờ. ,Tốt
 phí tiền keo gián từ 10 giờ sáng đến 1 giờ chiều chưa khô độ bám dính dưới tầm nhựa chuối thì mọi người cho mấy sao riêng mình vẫn đánh giá 5 sao vì nó là keo không phải nước lã ,Tốt
Cần đúng với mô tả. Chất lượng cần tốt hơn. Keo không dính tý nào  đồ lừa đảo t tôi trả hàng ,Xấu
Chất lượng không như Quảng cáo,Tốt
"Chuyên nghiệp, thân thiện. Giá tốt. Giao hàng nhanh bất ngờ. Đẹp như mô tả. chưa sử dụng nên chưa thể đánh giá , nhưng cũng gửi shop 5 sao",Tốt
"Chuyên nghiệp, thân thiện. Đẹp như mô tả. Đóng gói kỹ lưỡng. Giá tốt. Giao hàng nhanh bất ngờ. shop rất nhiệt tình giao sớm hơn dự định ủng hộ shop",Tốt
tốt đang trải nghiệm cho kết quả sao,Tốt
"hàng mình dùng nhiều lần rồi tốt uy tín chất lượng tặng shop 5 sao nhé
",Tốt
"Keo No More Nail Fresh dùng dán đồ khá tốt , đạt yêu cầu , nhất là về thẩm mỹ , do lượng keo trong veo .",Tốt
"hàng ngon nha,tuyệt vời ",Tốt
"Chuyên nghiệp, thân thiện. Đẹp như mô tả. Chất lượng tuyệt vời. Giá tốt. ",Tốt
"Chuyên nghiệp, thân thiện. Đẹp như mô tả. Đóng gói kỹ lưỡng. Chất lượng tuyệt vời. Giá tốt. Giao hàng nhanh bất ngờ. ",Tốt
"Giá tốt. giá tốt, chất lượng để sử dụng rồi mới biết được thể nào ",Tốt
hàng tốt có dùng qua rất bền và chắc tặng tiếp 6* luong ok,Tốt
CHẤT LƯỢNG KÉM KHÔNG NHƯ QUẢNG CÁO,Xấu
Chất lượng tuyệt vời. sản phẩm đúng như hình giá tốt mọi người nên mua chất lượng tuyệt vời,Tốt
"Chuyên nghiệp, thân thiện. Đẹp như mô tả. Đóng gói kỹ lưỡng. Chất lượng tuyệt vời. Giá tốt. Giao hàng nhanh bất ngờ. ",Tốt
"Chuyên nghiệp, thân thiện. Đẹp như mô tả. Chất lượng tuyệt vời. Giá tốt. Giao hàng nhanh bất ngờ. HÀNG ĐẸP GIỐNG MÔ TẢ THEO QUẢNG CÁO, ỦNG HỘ SHOP 5 SAO",Tốt
"Chuyên nghiệp, thân thiện. Đẹp như mô tả. Đóng gói kỹ lưỡng. Chất lượng tuyệt vời. Giá tốt. Giao hàng nhanh bất ngờ. hàng đẹp chất lượng tốt đúng quảng cáo Cảm ơn shop rất nhiều. tiếp tục ủng hô shop khi cân. ",Tốt
"muốn mua thêm cái nữa để làm wà được không 
 shop oi ",Tốt
"Đẹp như mô tả. mới nhận hàng chưa dùng chưa biết chất lượng ,cho điểm thân thiện với shop",Tốt
hàng nứt bể gãy chấu,Xấu
ok tốt 5 sao,Tốt
Đóng gói kỹ lưỡng. Chất lượng tuyệt vời. Giá tốt. ,Tốt
"Chuyên nghiệp, thân thiện. Đẹp như mô tả. Đóng gói kỹ lưỡng. Chất lượng tuyệt vời. Giá tốt. Giao hàng nhanh bất ngờ. ",Tốt
"Chuyên nghiệp, thân thiện. Đẹp như mô tả. Đóng gói kỹ lưỡng. Giá tốt. ",Tốt
giao hàng nhanh  chất lương tuyệt tặng sopp 5sao ,Tốt
trưa được một lít.mà nói 2 lit.lừa đảo quá. thà nói thật ,Tốt
"Chuyên nghiệp, thân thiện. Đẹp như mô tả. Đóng gói kỹ lưỡng. Chất lượng tuyệt vời. Giá tốt. Giao hàng nhanh bất ngờ. ",Tốt
Đẹp như mô tả. Đóng gói kỹ lưỡng. ,Tốt
tốt ,Tốt
"Chuyên nghiệp, thân thiện. Đẹp như mô tả. Giá tốt. đã nhận đc hàng giống hình ko biết độ bền ntn, với giá như vậy ko dám đòi hỏi , máy xay nhẹ êm ko kêu to on ao.",Tốt
"Đẹp như mô tả. Đóng gói kỹ lưỡng. Chất lượng tuyệt vời. Giá tốt. sp ok ,xay đá đc  nhung minh chỉ bỏ ít đá xay thu thì đc ok còn bo nhieu hon minh k bt",Tốt
Đẹp như mô tả. ,Tốt
Giao hàng nhanh bất ngờ. ,Tốt
Đẹp như mô tả. ,Tốt
"Giá tốt. 
",Tốt
Đóng gói kỹ lưỡng. ,Tốt
"Chuyên nghiệp, thân thiện. Đóng gói kỹ lưỡng. Giao hàng nhanh bất ngờ. ",Tốt
Hiệu quả không cao,Bình thường
"Chuyên nghiệp, thân thiện. Giao hàng nhanh bất ngờ. Đẹp như mô tả. Đóng gói kỹ lưỡng. ",Tốt
"Hàng bán ba mặt inox chống ngăn mùii hôi bị rỉ sét, bọ bỏ bồn cầu quá cũ chày cả màu rau họp gửi hàng, mọi người mua hàng nên lưu ý ",Xấu
Đẹp như mô tả. ,Tốt
Đẹp như mô tả. ,Tốt
Giá hợp lý. ,Tốt
Chất lượng tuyệt vời. ,Tốt
Chất lượng tuyệt vời. ,Tốt
Giao hàng nhanh. Giá hợp lý. Đúng mô tả. Đóng gói kỹ. Chuyên nghiệp. ,Tốt
OK Tốt ,Tốt
"Chuyên nghiệp, thân thiện. Đẹp như mô tả. Đóng gói kỹ lưỡng. ",Tốt
Chất lượng tuyệt vời. ,Tốt
"Chuyên nghiệp, thân thiện. Đẹp như mô tả. Đóng gói kỹ lưỡng. Chất lượng tuyệt vời. Giá tốt. Giao hàng nhanh bất ngờ. chat luong nhu mong muon nhan vien giao hang hoa nha vui ve",Tốt
"Chuyên nghiệp, thân thiện. Đẹp như mô tả. Đóng gói kỹ lưỡng. Chất lượng tuyệt vời. Giá tốt. Giao hàng nhanh bất ngờ. ",Tốt
"Chuyên nghiệp, thân thiện. Đẹp như mô tả. Đóng gói kỹ lưỡng. Giá tốt. ",Tốt
Sp tệ ko xai dc ko nen mua ,Xấu
"Chuyên nghiệp, thân thiện. Đẹp như mô tả. Đóng gói kỹ lưỡng. Chất lượng tuyệt vời. Giá tốt. Giao hàng nhanh bất ngờ. ",Tốt
Giá tốt. ,Tốt
"Đơn hàng không đúng màu, mình mua màu xám thì gửi màu ngọc, gọi hỏi shop thì trả lời “đợt này không về màu xám” mình kg hiểu luôn",Xấu
Đẹp như mô tả. Đóng gói kỹ lưỡng. Chất lượng tuyệt vời. ,Tốt
"Chuyên nghiệp, thân thiện. Đẹp như mô tả. Đóng gói kỹ lưỡng. Chất lượng tuyệt vời. Giá tốt. Giao hàng nhanh bất ngờ. ",Tốt
Đẹp như mô tả. Đóng gói kỹ lưỡng. Chất lượng tuyệt vời. Giá tốt. ,Tốt
Đẹp như mô tả. Đóng gói kỹ lưỡng. ,Tốt
"Chuyên nghiệp, thân thiện. Đẹp như mô tả. Đóng gói kỹ lưỡng. Chất lượng tuyệt vời. Giá tốt. Giao hàng nhanh bất ngờ. ",Tốt
Đẹp như mô tả. ,Tốt
"Chuyên nghiệp, thân thiện. Đẹp như mô tả. Đóng gói kỹ lưỡng. Chất lượng tuyệt vời. Giá tốt. Giao hàng nhanh bất ngờ. ",Tốt
Đẹp như mô tả. ,Tốt
"Chuyên nghiệp, thân thiện. Đẹp như mô tả. Đóng gói kỹ lưỡng. Chất lượng tuyệt vời. Giá tốt. Giao hàng nhanh bất ngờ. ",Tốt
"Chuyên nghiệp, thân thiện. ",Tốt
"đúng như hình
",Tốt
Đẹp như mô tả. Đóng gói kỹ lưỡng. Giá tốt. ,Tốt
Đẹp như mô tả. Chất lượng tuyệt vời. Giá tốt. Giao hàng nhanh bất ngờ. ,Tốt
"Chuyên nghiệp, thân thiện. Đẹp như mô tả. Giá tốt. ",Tốt
Đẹp như mô tả. Đóng gói kỹ lưỡng. Chất lượng tuyệt vời. Giá tốt. ,Tốt
"Chuyên nghiệp, thân thiện. Đóng gói kỹ lưỡng. Chất lượng tuyệt vời. Giá tốt. Giao hàng nhanh bất ngờ. ",Tốt
"Chuyên nghiệp, thân thiện. Đẹp như mô tả. Đóng gói kỹ lưỡng. Chất lượng tuyệt vời. Giá tốt. Giao hàng nhanh bất ngờ. ",Tốt
"Chuyên nghiệp, thân thiện. Đẹp như mô tả. Đóng gói kỹ lưỡng. Chất lượng tuyệt vời. Giá tốt. Giao hàng nhanh bất ngờ. ",Tốt
"giao hàng hộp khẩu Trang móp méo, khẩu trang đẹp, giá tốt ",Tốt
Đẹp như mô tả. Đóng gói kỹ lưỡng. Chất lượng tuyệt vời. Giá tốt. ,Tốt
Đẹp như mô tả. ,Tốt
Đóng gói kỹ lưỡng. ,Tốt
Đẹp như mô tả. Giá tốt. Đóng gói kỹ lưỡng. ,Tốt
"Chuyên nghiệp, thân thiện. Đẹp như mô tả. Đóng gói kỹ lưỡng. Chất lượng tuyệt vời. Giá tốt. Giao hàng nhanh bất ngờ. ",Tốt
"Chuyên nghiệp, thân thiện. Giá tốt. ",Tốt
Chất lượng tốt. Đúng mô tả. Giá hợp lý. ,Tốt
Đẹp như mô tả. Chất lượng tuyệt vời. Giá tốt. ,Tốt
"Chuyên nghiệp, thân thiện. Đẹp như mô tả. Đóng gói kỹ lưỡng. Chất lượng tuyệt vời. Giá tốt. Giao hàng nhanh bất ngờ. ",Tốt
Chất lượng tuyệt vời. ,Tốt
Đúng mô tả. ,Tốt
đẹp chất vay ok rất thích.5 sao tăng sop,Tốt
"Đẹp như mô tả. 
đẹp như mô tả",Tốt
"Chuyên nghiệp, thân thiện. Đẹp như mô tả. Chất lượng tuyệt vời. ",Tốt
"Chuyên nghiệp, thân thiện. Đẹp như mô tả. Đóng gói kỹ lưỡng. Chất lượng tuyệt vời. Giá tốt. Giao hàng nhanh bất ngờ. 
rất tốt
",Tốt
Đẹp như mô tả. ,Tốt
"Chuyên nghiệp, thân thiện. Đẹp như mô tả. Chất lượng tuyệt vời. Giá tốt. Giao hàng nhanh bất ngờ. ",Tốt
"Áo form đẹp, dáng dài, rộng thoải mái nên không cần cộng thêm số. Tiếc là giao sai màu. Mong shop cẩn thận hơn khi đóng gói. ",Tốt
"Chuyên nghiệp, thân thiện. Đẹp như mô tả. Đóng gói kỹ lưỡng. Chất lượng tuyệt vời. Giá tốt. Giao hàng nhanh bất ngờ. ",Tốt
"Chuyên nghiệp, thân thiện. Đẹp như mô tả. Đóng gói kỹ lưỡng. Chất lượng tuyệt vời. Giá tốt. Giao hàng nhanh bất ngờ. ",Tốt
"Chuyên nghiệp, thân thiện. Đẹp như mô tả. Đóng gói kỹ lưỡng. Chất lượng tuyệt vời. Giá tốt. Giao hàng nhanh bất ngờ. ",Tốt
"Chuyên nghiệp, thân thiện. Đẹp như mô tả. Đóng gói kỹ lưỡng. Chất lượng tuyệt vời. Giá tốt. áo đẹp ?",Tốt
"Chuyên nghiệp, thân thiện. Đẹp như mô tả. Đóng gói kỹ lưỡng. Chất lượng tuyệt vời. Giá tốt. Giao hàng nhanh bất ngờ. ",Tốt
"Chuyên nghiệp, thân thiện. Chất lượng tuyệt vời. Giá tốt. Giao hàng nhanh bất ngờ. ",Tốt
"Chuyên nghiệp, thân thiện. Đẹp như mô tả. Đóng gói kỹ lưỡng. Giá tốt. Giao hàng nhanh bất ngờ. ",Tốt
Đẹp như mô tả. Chất lượng tuyệt vời. Giá tốt. ,Tốt
"Chuyên nghiệp, thân thiện. Đẹp như mô tả. Đóng gói kỹ lưỡng. Chất lượng tuyệt vời. Giá tốt. Giao hàng nhanh bất ngờ. ",Tốt
"Chuyên nghiệp, thân thiện. Đẹp như mô tả. Đóng gói kỹ lưỡng. ",Tốt
"Chuyên nghiệp, thân thiện. Đẹp như mô tả. Chất lượng tuyệt vời. Giá tốt. Giao hàng nhanh bất ngờ. ",Tốt
Chất lượng tốt. Đóng gói kỹ. Đúng mô tả. ,Tốt
"Chuyên nghiệp, thân thiện. Đẹp như mô tả. Đóng gói kỹ lưỡng. Chất lượng tuyệt vời. Giá tốt. Giao hàng nhanh bất ngờ. ",Tốt
"Chuyên nghiệp, thân thiện. Đẹp như mô tả. Đóng gói kỹ lưỡng. Chất lượng tuyệt vời. Giá tốt. Giao hàng nhanh bất ngờ. ",Tốt
"giá rẻ, hàng không đúng như mô tả. hộp 50 cái nhưng thực chất có 40 mấy cái là nhiều nhất. tiền nào của ấy.",Tốt
"Cần đúng với mô tả. Chất lượng cần tốt hơn. tam đều ko phải chỉ mà bằng cước , ko có hộp nào được 50chiec chỉ có 30-40 chiếc thôi làm ăn mất dạy ",Xấu
ko có giao hàng cho khách mà sao đánh giá đc ,Xấu
Giá hợp lý. chất lượng tạm ổn ,Tốt
"giao hàng nhanh,môt hộp xếp ngay ngắn dán keo một hộp đã gỡ keo lộn xộn khi đếm thiếu 5cây,vậy mà củng làm được,làm sao làm ăn lớn",Tốt
mặt hàng này nói là 50 cây nhưng chỉ có 44 đến 45 cây thôi hàng nhái mềm nhựa trong chứ không phải màu trắng như những hàng mình đã từng mua,Tốt
"Chuyên nghiệp, thân thiện. Đẹp như mô tả. Đóng gói kỹ lưỡng. Chất lượng tuyệt vời. Giá tốt. Giao hàng nhanh bất ngờ. OK ",Tốt
"Hàng rẻ chất lượng, giao hàng hơi lâu",Tốt
mua 10 hộp bốn hộp giống hình 6 hộp không giống hình,Xấu
Đóng gói kỹ lưỡng. hàng như mô tả,Tốt
Đẹp như mô tả. Đóng gói kỹ lưỡng. Giá tốt. ,Tốt
"Đẹp như mô tả. Giao hàng nhanh bất ngờ. hàng đẹp, ok",Tốt
"Giao đúng mẫu. Ai thích áo công chúa sẽ ok, nhìn không xinh lắm - mặc hơi tếu tếu, quê quê",Tốt
Đóng gói kỹ lưỡng. Chất lượng tuyệt vời. Giá tốt. Nhưng mình mặc có chút hơi chật. Thật buồn,Tốt
Sản phẩm/dịch vụ giống mô tả và tốt hơn mong đợi. ,Tốt
Sản phẩm/dịch vụ giống mô tả và tốt hơn mong đợi. ,Tốt
Sản phẩm/dịch vụ giống mô tả và tốt hơn mong đợi. ,Tốt
Sản phẩm/dịch vụ giống mô tả và tốt hơn mong đợi. Gửi sản phẩm/vé dịch vụ nhanh. ,Tốt
Sản phẩm/dịch vụ giống mô tả và tốt hơn mong đợi. ,Tốt
tốt,Tốt
"Sản phẩm/dịch vụ giống mô tả và tốt hơn mong đợi. Chất lượng sản phẩm/dịch vụ rất tốt. Gửi sản phẩm/vé dịch vụ nhanh. Shop tư vấn, hướng dẫn cực kỳ nhiệt tình. đẹp...",Tốt
"Chuyên nghiệp, thân thiện. Đẹp như mô tả. Đóng gói kỹ lưỡng. Giá tốt. ",Tốt
"Shop bán hàng lừa đảo, đặt hàng mua 2 kéo shop giao 2 hộp khẩu trang",Tốt
"Cần đúng với mô tả. Chất lượng cần tốt hơn. đúng tiền nào của nấy. kéo nhỏ mỏng manh, ko cắt nổi xương mềm chứ đừng nói cắt gà",Xấu
Đóng gói kỹ lưỡng. kéo hơi nhẹ cán nhựa cắt gà thì cần loại to và chắc hơn Sho ko đưa thông tin kích thước và trọng lượng nên khó lựa chọn Nhiều người mua trước ko đánh giá thật để người sau dễ lựa chọn ,Tốt
"Uy tín, chất lượng, giá tốt",Tốt
tuyệt quá hàng chuẩn như hình giá tốt sẽ ủng hộ shop lần sau,Tốt
"Chuyên nghiệp, thân thiện. Đẹp như mô tả. Đóng gói kỹ lưỡng. Chất lượng tuyệt vời. Giá tốt. Giao hàng nhanh bất ngờ. Rất chuyên nghiệp Shop uy tín lớn",Tốt
"Chuyên nghiệp, thân thiện. Đẹp như mô tả. Đóng gói kỹ lưỡng. Giá tốt. shop giiao k đúng màu, đặt 3 màu trắng 3 màu vàng, giao 6 cây có 1 màu ",Tốt
Đúng sản phẩm ok ,Tốt
"Chuyên nghiệp, thân thiện. Đẹp như mô tả. Đóng gói kỹ lưỡng. Chất lượng tuyệt vời. Giá tốt. Giao hàng nhanh bất ngờ. ",Tốt
"Chuyên nghiệp, thân thiện. Đẹp như mô tả. Đóng gói kỹ lưỡng. Giá tốt. ",Tốt
quá tệ,Xấu
Đẹp như mô tả. Đóng gói kỹ lưỡng. Giá tốt. Giao hàng nhanh bất ngờ. Cam ơn chúc mua ban thật đất ,Tốt
Giao hàng cần nhanh hơn. Cần đúng với mô tả. kéo quá nhỏ và mỏng manh ,Xấu
"Chuyên nghiệp, thân thiện. ok sẽ không tốt",Tốt
"kéo tốt nhé, giá lại rẻ nên mua ạ
",Tốt
"Chuyên nghiệp, thân thiện. Đẹp như mô tả. Đóng gói kỹ lưỡng. Chất lượng tuyệt vời. Giá tốt. Giao hàng nhanh bất ngờ. Ok tốt nên mua đồ shop này ",Tốt
Chất lượng ổn. ,Bình thường
Cần đúng với mô tả. bán hàng đặt 1 thứ giao thứ khac mọi người xem shop này làm đứng k,Xấu
"Chuyên nghiệp, thân thiện. Đẹp như mô tả. Đóng gói kỹ lưỡng. Chất lượng tuyệt vời. Giá tốt. Giao hàng nhanh bất ngờ. cho 5 sao",Tốt
Chất lượng ổn. tiền síp cao hơn tiền hàng ,Bình thường
Đúng mô tả. ,Tốt
Giá tốt. Giao hàng nhanh bất ngờ. ,Tốt
Giao hàng cần nhanh hơn. ,Xấu
"Chuyên nghiệp, thân thiện. Đẹp như mô tả. Đóng gói kỹ lưỡng. Chất lượng tuyệt vời. Giá tốt. Giao hàng nhanh bất ngờ. ",Tốt
Cần đúng với mô tả. ,Xấu
Đẹp như mô tả. ,Tốt
Chất lượng tốt. Chuyên nghiệp. Đóng gói kỹ. Đúng mô tả. Giá hợp lý. Giao hàng nhanh. ,Tốt
"Chuyên nghiệp, thân thiện. Đẹp như mô tả. Đóng gói kỹ lưỡng. Giá tốt. Giao hàng nhanh bất ngờ. tốt ok",Tốt
"Cần đúng với mô tả. mình xài nhiều loại rồi nhưng lần nầy không ưng lắm mình cần lưỡi thép chứ không phảo sắt, mẫu nầy vừa nặng vừa dễ sét và nhanh lục, hàizzz hơi thất vọng về sp",Xấu
Đúng mô tả. Đóng gói kỹ. Chất lượng ổn. ,Bình thường
"Chuyên nghiệp, thân thiện. Đẹp như mô tả. Đóng gói kỹ lưỡng. Chất lượng tuyệt vời. Giá tốt. Giao hàng nhanh bất ngờ. ",Tốt
Đẹp như mô tả. Đóng gói kỹ lưỡng. Chất lượng tuyệt vời. Giá tốt. ,Tốt
Đẹp như mô tả. Đóng gói kỹ lưỡng. Chất lượng tuyệt vời. Giá tốt. ,Tốt
"Giá tốt. Chất lượng tuyệt vời. Đóng gói kỹ lưỡng. Đẹp như mô tả. Chuyên nghiệp, thân thiện. Giao hàng nhanh bất ngờ. ",Tốt
"Chuyên nghiệp, thân thiện. ",Tốt
Chất lượng tuyệt vời. ,Tốt
"Chuyên nghiệp, thân thiện. Đẹp như mô tả. ",Tốt
Đẹp như mô tả. Chất lượng tuyệt vời. Giá tốt. ,Tốt
Đẹp như mô tả. ,Tốt
sao đặt loại béc tròn là đua béc dẹp ko đúng quy trình hỏng ,Tốt
Ai muốn mua hàng shop này lên sem kỹ nhé vòi phun nước tỏa dat nhỏ còn cần thì bé tý có mềm như sợi bún nói chung hàng quá tồi ,Xấu
Chất lượng cần tốt hơn. ,Xấu
"Chuyên nghiệp, thân thiện. Đẹp như mô tả. Chất lượng tuyệt vời. ",Tốt
Đóng gói kỹ lưỡng. Chất lượng tuyệt vời. Giá tốt. cảm ơn shop đã tặng thêm phụ kiện,Tốt
rất tốt,Tốt
nhìn thì đúng như ảnh còn chưa dùng chưa biết tạm được ,Tốt
Giá tốt. ,Tốt
"Chuyên nghiệp, thân thiện. ",Tốt
"Chuyên nghiệp, thân thiện. Đóng gói kỹ lưỡng. Giá tốt. ",Tốt
"Chuyên nghiệp, thân thiện. ",Tốt
chưa sử dụng chưa biết hoạt động có tốt ko nhưng nhìn thấy cũng đẹp tuy nhiên cái cần 5 bét nhìn thấy mong manh làm sao đâu đáng lẽ ra nhà sản xuất phải làm cái tuy cần này phải lớn hơn hoặc bằng cái cần ngắn chứ nhưng đây là ngược lại... tạm thời cho 4 sao,Tốt
"ống cần inox quá nhỏ không chịu lực được, khi nhận hàng bị cong rồi, uống *** đủ kiểu rồi, sao mà sử dụng được. nản...",Xấu
Mua 7 sp mà giao có 6 miếng dán 7 móc.,Xấu
Chất lượng tuyệt vời. Nhanh chóng tiện lợi đỡ tốn tg,Tốt
Đóng gói kỹ lưỡng. Chất lượng tuyệt vời. Giao hàng nhanh bất ngờ. ,Tốt
Chất lượng tuyệt vời. móc dính tốt ,Tốt
"tôi đặt mua 4 cái móc hết 28.900k
lúc bóc ra có mỗi 1 cái. giờ hỏi ai",Tốt
hàng quá đểu. ko nên mua shop này lừa đảo ,Tốt
Chất lượng tuyệt vời. Giao hàng nhanh bất ngờ. ,Tốt
Giá tốt. Giao hàng nhanh bất ngờ. ,Tốt
Đóng gói kỹ lưỡng. ,Tốt
Đẹp như mô tả. ,Tốt
"Chuyên nghiệp, thân thiện. Đóng gói kỹ lưỡng. Giá tốt. Giao hàng nhanh bất ngờ. ",Tốt
Chất lượng cần tốt hơn. thái độ của shop k tốt hàng lỗi nhắn k nói nang gì,Xấu
"Chuyên nghiệp, thân thiện. Đẹp như mô tả. Đóng gói kỹ lưỡng. Chất lượng tuyệt vời. Giá tốt. Giao hàng nhanh bất ngờ. cho 5 sao",Tốt
"Chuyên nghiệp, thân thiện. Đẹp như mô tả. Đóng gói kỹ lưỡng. Giá tốt. ",Tốt
"giao thiếu cái ống,lại cây yếu quá, thất vọng",Xấu
Đóng gói kỹ. Đúng mô tả. Giao hàng nhanh. tạm được,Tốt
"sản phẩm ok so với giá tiền, chất lượng tạm ổn, bề ngang hơi nhỏ ",Tốt
Chất lượng tuyệt vời. ,Tốt
"Chuyên nghiệp, thân thiện. Đẹp như mô tả. Đóng gói kỹ lưỡng. Chất lượng tuyệt vời. Giá tốt. Giao hàng nhanh bất ngờ. ",Tốt
"Đóng gói kỹ lưỡng. Đẹp như mô tả. đóng gói cẩn thận, hàng đúng mô tả  sẽ ủng hộ shop",Tốt
Đóng gói kỹ lưỡng. Đẹp như mô tả. Chất lượng tuyệt vời. ,Tốt
Đẹp như mô tả. ,Tốt
"Đóng gói kỹ lưỡng. ok
",Tốt
Đẹp như mô tả. Chất lượng tuyệt vời. Giá tốt. Giao hàng nhanh bất ngờ. ,Tốt
Đóng gói kỹ lưỡng. Chất lượng tuyệt vời. Giá tốt. Giao hàng nhanh bất ngờ. ,Tốt
"Giá tốt. Chất lượng tuyệt vời. Chuyên nghiệp, thân thiện. ",Tốt
Giao hàng nhanh bất ngờ. ,Tốt
"Chuyên nghiệp, thân thiện. Đẹp như mô tả. Đóng gói kỹ lưỡng. ",Tốt
"Chuyên nghiệp, thân thiện. Đẹp như mô tả. Đóng gói kỹ lưỡng. Chất lượng tuyệt vời. Giao hàng nhanh.",Tốt
"Đẹp như mô tả. Chuyên nghiệp, thân thiện. Chất lượng tuyệt vời. Giá tốt. Đóng gói kỹ lưỡng. ",Tốt
cây đẹp khỏe,Tốt
"Chuyên nghiệp, thân thiện. Giao hàng nhanh bất ngờ. Giá tốt. Đóng gói kỹ lưỡng. ",Tốt
cây mai thái thì đẹp.cho 5 sao. ,Tốt
Đẹp như mô tả. ,Tốt
Đẹp như mô tả. Đóng gói kỹ lưỡng. Giá tốt. Giao hàng nhanh bất ngờ. cây hoa rất tốt ,Tốt
"Chuyên nghiệp, thân thiện. Đóng gói kỹ lưỡng. Shop đóng hàng cẩn thận, cây tươi nguyên ",Tốt
"Chuyên nghiệp, thân thiện. Đẹp như mô tả. Đóng gói kỹ lưỡng. Chất lượng tuyệt vời. ",Tốt
"Chuyên nghiệp, thân thiện. ",Tốt
"Chuyên nghiệp, thân thiện. Đẹp như mô tả. Đóng gói kỹ lưỡng. Chất lượng tuyệt vời. Giá tốt. Giao hàng nhanh bất ngờ. Shop uy tín. 
Cây nhận được như Shop quảng cáo, thậm chí lớn hơn, đẹp và tươi hơn mong đợi. sẽ tiếp tục mua hàng tại Shop. Cảm ơn Shop nhiều.",Tốt
Đẹp như mô tả. ,Tốt
"Chuyên nghiệp, thân thiện. Đẹp như mô tả. Chất lượng tuyệt vời. ",Tốt
Vải ko dep lam,Tốt
"Chuyên nghiệp, thân thiện. Đẹp như mô tả. Đóng gói kỹ lưỡng. Chất lượng tuyệt vời. Giá tốt. Giao hàng nhanh bất ngờ. Màu k đc như ý lắm nhưng đường kim mũi chỉ thì k phải nghĩ",Tốt
"Chuyên nghiệp, thân thiện. Giao hàng nhanh bất ngờ. ",Tốt
"Chuyên nghiệp, thân thiện. Đẹp như mô tả. Đóng gói kỹ lưỡng. Chất lượng tuyệt vời. Giá tốt. Giao hàng nhanh bất ngờ. ",Tốt
Giá hợp lý. ,Tốt
Đẹp như mô tả. Giá tốt. ,Tốt
"Chuyên nghiệp, thân thiện. Đẹp như mô tả. Đóng gói kỹ lưỡng. Chất lượng tuyệt vời. Giá tốt. Giao hàng nhanh bất ngờ. ",Tốt
Đẹp như mô tả. Giá tốt. ,Tốt
"Chất vải cũn đc. Áo thì phai màu. Kiểm tra hàng lúc trời tối nên k nhìn thấy, chê!!!",Xấu
"Cần đúng với mô tả. Vái nóng, form mặc lên rất xấu. Không giống như quảng cáo. ",Xấu
"Áo đẹp lắm nha cả nhà, áo y như hình, vải mặc rất mát, mà giá lại rẻ nữa",Tốt
Đẹp như mô tả. ,Tốt
Chất lượng tuyệt vời. ,Tốt
"Chuyên nghiệp, thân thiện. ",Tốt
Chất lượng tuyệt vời. ,Tốt
"Hàng tồn kho củ bay màu  ,mọi người kiểm tra kỷ hả nhận hàng nhé ",Tốt
"Chuyên nghiệp, thân thiện. Đẹp như mô tả. Đóng gói kỹ lưỡng. Chất lượng tuyệt vời. Giá tốt. Giao hàng nhanh bất ngờ. ",Tốt
"Chuyên nghiệp, thân thiện. Giao hàng nhanh bất ngờ. ",Tốt
"đẹp y hình mà chỗ cài cúc may chưa kỹ,khi cài chỉ bị đứt ra kéo sợi vải đi luôn,shop nên chú ý hơn",Tốt
Đẹp như mô tả. Giá tốt. đã mua lần 2 của shop,Tốt
Đẹp như mô tả. Chất lượng tuyệt vời. Giao hàng nhanh bất ngờ. ,Tốt
"Chất lượng tuyệt vời. áo y như hình, chất vải cực mát, mọi nguoi nên tăng size lên, màu sắc đẹp, mình mua luôn 2 màu cực xinh, vải mát mà xịn xò lắm luôn, minh khá thích chất này luôn í,màu tươi trẻ quá mê, nên mua nha.",Tốt
"áo bị lổi , không giống màu ",Xấu
"vải đẹp giống hình, nhưng tay áo hơi ngắn",Tốt
"m
l


.mmmm",Tốt
Chất lượng tuyệt vời. Giá tốt. ,Tốt
"Chuyên nghiệp, thân thiện. Đẹp như mô tả. Chất lượng tuyệt vời. Giá tốt. ",Tốt
trọng tải yếu nhưng tầm tiền thì ok,Tốt
Hàng ok có điều khó ráp nhựa thừa trong mấy cái lổ còn nhiều quá phải gọt lại mới ráp vào lọt,Tốt
không hài lòng,Xấu
Đẹp như mô tả. Đóng gói kỹ lưỡng. Giao hàng nhanh bất ngờ. ,Tốt
kệ  bị bể 1chut ,Tốt
Chất lượng cần tốt hơn. ,Xấu
Đẹp như mô tả. Đóng gói kỹ lưỡng. ,Tốt
giao bị thiếu đồ giắc đũa,Xấu
thiếu mấy cây ngắn,Tốt
"ok
",Tốt
"Chuyên nghiệp, thân thiện. Đóng gói kỹ lưỡng. Chất lượng tuyệt vời. Giá tốt. Giao hàng nhanh bất ngờ. ",Tốt
"Chuyên nghiệp, thân thiện. ",Tốt
Đẹp như mô tả. ,Tốt
"Chuyên nghiệp, thân thiện. Đẹp như mô tả. Đóng gói kỹ lưỡng. Chất lượng tuyệt vời. Giao hàng nhanh bất ngờ. ",Tốt
"Chuyên nghiệp, thân thiện. Đẹp như mô tả. Đóng gói kỹ lưỡng. Chất lượng tuyệt vời. Giá tốt. Giao hàng nhanh bất ngờ. Ok",Tốt
Giá tốt. ,Tốt
lừa đảo,Xấu
"Hàng tốt, giá rẻ",Tốt
Đóng gói kỹ lưỡng. ,Tốt
Giao hàng nhanh bất ngờ. ,Tốt
Đẹp như mô tả. Giao hàng nhanh bất ngờ. ,Tốt
Đẹp như mô tả. Giao hàng nhanh bất ngờ. ,Tốt
Chất lượng tuyệt vời. ,Tốt
Chất lượng tuyệt vời. ,Tốt
"Đóng gói kỹ lưỡng. Chất lượng tuyệt vời. Giá tốt. Giao hàng nhanh bất ngờ. Hàng tốt giao nhanh, tiện lợi ghê",Tốt
"Yesssssss, hàng toits trong tầm giá",Tốt
tốt giao hàng đúng mẫu cho shop 5 sao ok.,Tốt
Tạm được vì cán chổi hơi yếu tiền nào của đó thôi,Tốt
Chất lượng cần tốt hơn. muỗng quá mỏng ,Xấu
Đẹp như mô tả. Đóng gói kỹ lưỡng. Chất lượng tuyệt vời. Giá tốt. Giao hàng nhanh bất ngờ. đẹp giao hàng đúng mẫu cho shop 5sao ok.,Tốt
Đóng gói kỹ. đầu chổi sao ko gấp công lại được vậy thấy giới thiệu gấp được mà giờ mua về dài thì có mà gấp công lại ko có ,Tốt
"Chuyên nghiệp, thân thiện. Đẹp như mô tả. Đóng gói kỹ lưỡng. Chất lượng tuyệt vời. Giá tốt. Giao hàng nhanh bất ngờ. ",Tốt
Đẹp như mô tả. Đóng gói kỹ lưỡng. Chất lượng tuyệt vời. ,Tốt
"Chuyên nghiệp, thân thiện. Đẹp như mô tả. Chất lượng tuyệt vời. Giá tốt. Đóng gói kỹ lưỡng. Giao hàng nhanh bất ngờ. ",Tốt
"Chất lượng tuyệt vời. 
",Tốt
"Sào gấp cứng cáp, nhỏ gọn phù hợp giá tiền.",Tốt
Chổi mỏng ,Tốt
hàng đúng như quảng cáo dùng được ,Tốt
"Chuyên nghiệp. Đóng gói kỹ. Giá hợp lý. Giao hàng nhanh. Kéo cây chổi dài hết cỡ thì chổi rất yếu 
",Tốt
Đẹp như mô tả. Đóng gói kỹ lưỡng. ,Tốt
Đúng mô tả. ,Tốt
Chất lượng tuyệt vời. ,Tốt
"Chuyên nghiệp, thân thiện. ",Tốt
Giá tốt. ,Tốt
"Chuyên nghiệp, thân thiện. Đẹp như mô tả. Đóng gói kỹ lưỡng. Giao hàng nhanh bất ngờ. ",Tốt
Đẹp như mô tả. Chất lượng tuyệt vời. ,Tốt
"Chuyên nghiệp, thân thiện. Đẹp như mô tả. Đóng gói kỹ lưỡng. Chất lượng tuyệt vời. Giá tốt. Giao hàng nhanh bất ngờ. ",Tốt
"Chuyên nghiệp, thân thiện. Giá tốt. ",Tốt
hàng chất lượng ưng ý,Tốt
Đẹp như mô tả. Đóng gói kỹ lưỡng. cảm ơn shop!. đã nhận được hàng. ,Tốt
Đẹp như mô tả. Đóng gói kỹ lưỡng. Giá tốt. ,Tốt
Đẹp như mô tả. Đóng gói kỹ lưỡng. Giá tốt. ,Tốt
"tin tưởng nên không ktra: mua 10 đc 9, đáng bnhiu tiền một cái đâu mà làm ăn thế.??????",Xấu
"tin tưởng nên không ktra: mua 10 đc 9, đáng bnhiu tiền một cái đâu mà làm ăn thế.??????",Xấu
"Úi dùi shop kỹ quá đi, túi nylon có lo bể vỡ gì đâu mà xiềng băng keo túi bụi. Gỡ ra rách hết bọc ngoài luôn à, rút kinh nghiệm nhá shop.",Tốt
Giá tốt. ,Tốt
"Chuyên nghiệp, thân thiện. Đẹp như mô tả. Đóng gói kỹ lưỡng. Chất lượng tuyệt vời. Giá tốt. Giao hàng nhanh bất ngờ. ",Tốt
Đóng gói kỹ. Giá hợp lý. Giao hàng nhanh. ,Tốt
Chất lượng tuyệt vời. Giá tốt. ,Tốt
Chất lượng tuyệt vời. Giá tốt. Rất tiện dụng. ,Tốt
"Chuyên nghiệp, thân thiện. Đẹp như mô tả. Đóng gói kỹ lưỡng. Chất lượng tuyệt vời. Giá tốt. Giao hàng nhanh bất ngờ. ",Tốt
Chất lượng tuyệt vời. ,Tốt
"Chuyên nghiệp, thân thiện. Đẹp như mô tả. Đóng gói kỹ lưỡng. Chất lượng tuyệt vời. Giá tốt. Giao hàng nhanh bất ngờ. ",Tốt
Giao hàng nhanh bất ngờ. ,Tốt
Giao hàng nhanh bất ngờ. Đẹp như mô tả. Chất lượng tuyệt vời. ,Tốt
"Chuyên nghiệp, thân thiện. Chất lượng tuyệt vời. Giá tốt. Giao hàng nhanh bất ngờ. ",Tốt
Giao hàng nhanh bất ngờ. ,Tốt
"giao hàng cũng nhanh , nhưng giao không đúng mẫu,dam  mặc vào nhìn cũng ok  nên tôi đánh giá 5sao ",Tốt
"Đẹp như mô tả. Đẹp , vừa với hía tiền",Tốt
"Chuyên nghiệp, thân thiện. Đẹp như mô tả. Đóng gói kỹ lưỡng. Chất lượng tuyệt vời. Giá tốt. Giao hàng nhanh bất ngờ. ",Tốt
Chất lượng cần tốt hơn. ,Xấu
"Chuyên nghiệp, thân thiện. Chất lượng tuyệt vời. ",Tốt
"Chuyên nghiệp, thân thiện. Đẹp như mô tả. Đóng gói kỹ lưỡng. Chất lượng tuyệt vời. Giá tốt. ",Tốt
"Chuyên nghiệp, thân thiện. Đẹp như mô tả. Chất lượng tuyệt vời. Giá tốt. Giao hàng nhanh bất ngờ. ",Tốt
Giá tốt. ,Tốt
"Chuyên nghiệp, thân thiện. ",Tốt
"Chuyên nghiệp, thân thiện. Đẹp như mô tả. Đóng gói kỹ lưỡng. Chất lượng tuyệt vời. Giá tốt. Giao hàng nhanh bất ngờ. ",Tốt
"Chuyên nghiệp, thân thiện. ",Tốt
Đẹp như mô tả. Đóng gói kỹ lưỡng. ,Tốt
Đẹp như mô tả. ,Tốt
Đẹp như mô tả. Đóng gói kỹ lưỡng. Chất lượng tuyệt vời. Giá tốt. Giao hàng nhanh bất ngờ. ,Tốt
Chất lượng cần tốt hơn. ,Xấu
"Đẹp như mô tả. sản phẩm oke nhưg thợ hàn cổ ko khéo lắm hàn hơi xì một vài lỗ ,nhưg ko s cho shop 5 sao
",Tốt
Đẹp như mô tả. ,Tốt
Chất lượng cần tốt hơn. ,Xấu
Đẹp như mô tả. Đóng gói kỹ lưỡng. Chất lượng tuyệt vời. Giao hàng nhanh bất ngờ. tốt gắn vào nhìn cũng hầm hố lắm ,Tốt
"Chuyên nghiệp, thân thiện. Đẹp như mô tả. Đóng gói kỹ lưỡng. Chất lượng tuyệt vời. Giá tốt. Giao hàng nhanh bất ngờ. sản phẩm ok . đúng mẫu . đúng chất lượng . giao hàng nhanh . ",Tốt
"Chuyên nghiệp, thân thiện. Đẹp như mô tả. ",Tốt
Giao hàng nhanh bất ngờ. ,Tốt
"hàng ok, đóng gói kỹ lưỡng ",Tốt
shop giao hàng nhanh gói kỹ lưỡng và chuyên nghiệp,Tốt
rất tot,Tốt
"Chuyên nghiệp, thân thiện. Đẹp như mô tả. Chất lượng tuyệt vời. Giá tốt. ",Tốt
"Chuyên nghiệp, thân thiện. Đẹp như mô tả. Đóng gói kỹ lưỡng. Chất lượng tuyệt vời. Giá tốt. ",Tốt
"Chuyên nghiệp, thân thiện. Đẹp như mô tả. Đóng gói kỹ lưỡng. Chất lượng tuyệt vời. Giá tốt. Giao hàng nhanh bất ngờ. ",Tốt
"Chuyên nghiệp, thân thiện. Đẹp như mô tả. Đóng gói kỹ lưỡng. Chất lượng tuyệt vời. Giá tốt. Giao hàng nhanh bất ngờ. ",Tốt
"Chuyên nghiệp, thân thiện. Đẹp như mô tả. ",Tốt
Đúng mô tả. ,Tốt
"Chuyên nghiệp, thân thiện. ",Tốt
"Chuyên nghiệp, thân thiện. Đẹp như mô tả. Đóng gói kỹ lưỡng. Chất lượng tuyệt vời. Giá tốt. Giao hàng nhanh bất ngờ. ",Tốt
"Đẹp như mô tả. Đóng gói kỹ lưỡng. Chuyên nghiệp, thân thiện. Giá tốt. Chất lượng tuyệt vời. Hàng  tốt  nhưng  giao hơi chậm",Tốt
Đẹp như mô tả. Chất lượng tuyệt vời. Giá tốt. Giao hàng nhanh bất ngờ. ,Tốt
Giao hàng nhanh bất ngờ. ,Tốt
Giao hàng nhanh bất ngờ. ,Tốt
"Chuyên nghiệp, thân thiện. Đẹp như mô tả. Đóng gói kỹ lưỡng. Chất lượng tuyệt vời. Giá tốt. Giao hàng nhanh bất ngờ. ",Tốt
"Chuyên nghiệp, thân thiện. Đẹp như mô tả. Đóng gói kỹ lưỡng. Giá tốt. Giao hàng nhanh bất ngờ. Giao nhanh hàng như quảng cáo ,rất tiện dụng lau nhà đọi bền để xem sau ",Tốt
Chất lượng tốt. Chuyên nghiệp. Đóng gói kỹ. Đúng mô tả. Giá hợp lý. c,Tốt
"K có ốc 
Rẻ nên vẫn đáng giá 4 sao ",Tốt
Hàng nhận bị vỡ không sử dụng được ,Tốt
Đẹp như mô tả. Chất lượng tuyệt vời. Giá tốt. Giao hàng nhanh bất ngờ. Dùng tiện thích lắm ạ,Tốt
"Chuyên nghiệp, thân thiện. Đẹp như mô tả. Đóng gói kỹ lưỡng. Chất lượng tuyệt vời. Giá tốt. Giao hàng nhanh bất ngờ. ",Tốt
Đúng mô tả. Bao bì  ben trong đóng gói rach tùm lum .,Bình thường
có sai dc đâu.đánh gia 0 sao.đừng nên mua.cây thì yếu. Mua về  chưa sd đã HƯ,Xấu
Mn nên mua nhé rẻ phù hợp với giá trị nhưng Sài tiện lắm ,Tốt
Chất lượng tuyệt vời. Ship giao hàng hơi hỗn với khách,Tốt
Chất lượng tuyệt vời. rẻ tốt rất tiện lợi .hết sức ưng ý ,Tốt
Đẹp như mô tả. Đóng gói kỹ lưỡng. Giá tốt. Giao hàng nhanh bất ngờ. giao hàng nhanh bao bì kỹ lưỡng sản phẩm chưa sử dụng nhưng giá rẻ hợp với giá tiền cảm ơn shop ,Tốt
"Ọc ẹc, không dùng được ",Tốt
"Chuyên nghiệp, thân thiện. Đẹp như mô tả. Đóng gói kỹ lưỡng. ",Tốt
"Chuyên nghiệp, thân thiện. Đẹp như mô tả. Đóng gói kỹ lưỡng. Chất lượng tuyệt vời. Giá tốt. Giao hàng nhanh bất ngờ. ",Tốt
"Chuyên nghiệp, thân thiện. Đẹp như mô tả. Đóng gói kỹ lưỡng. Chất lượng tuyệt vời. Giá tốt. ",Tốt
"Chuyên nghiệp, thân thiện. Đẹp như mô tả. Đóng gói kỹ lưỡng. Chất lượng tuyệt vời. Giá tốt. Giao hàng nhanh bất ngờ. ",Tốt
Đẹp như mô tả. Đóng gói kỹ lưỡng. Giao hàng nhanh bất ngờ. ,Tốt
Ok,Tốt
"Chuyên nghiệp, thân thiện. Đẹp như mô tả. Giá tốt. ",Tốt
Đóng gói kỹ lưỡng. Giá tốt. Giao hàng nhanh bất ngờ. ,Tốt
hình ảnh  sản mang tính lừa đảo. giá quá đắt,Tốt
mua combo 3 cuộn có 0.5 kg giá 42k còn mắc hơn ở siêu thị. k ủng hộ nữa. bọc mỏng đụng vô là rách rồi giống như hết hạn vậy. mong shop bán có tâm xíu ,Xấu
"hàng ko ra gì vừa mỏng ,cuộn nhỏ xíu",Xấu
lõi tô hơn vỏ thất vọng quá ,Xấu
"Chuyên nghiệp, thân thiện. ",Tốt
"Chuyên nghiệp, thân thiện. Đẹp như mô tả. Chất lượng tuyệt vời. Giá tốt. Giao hàng nhanh bất ngờ. ",Tốt
"đúng mô tả, còn chất lượng chưa dùng chưa biết ",Tốt
Đẹp như mô tả. Đóng gói kỹ lưỡng. Giá tốt. ,Tốt
Đóng gói kỹ lưỡng. Giá tốt. Giao hàng nhanh bất ngờ. ,Tốt
Đúng mô tả. ,Tốt
Chất lượng cần tốt hơn. ,Xấu
Đẹp như mô tả. ,Tốt
"hàng của mình không giống ảnh nhé, không có dây ở cổ để cột nơ",Tốt
Đẹp như mô tả. ,Tốt
Đẹp như mô tả. Đóng gói kỹ lưỡng. Giá tốt. ,Tốt
Mình rất hiếm khi mua hàng qua mạng. Chỉ là nhấn nhầm. Mà nay mình bất ngờ. Chất đẹp ngang hàng hiệu. ,Tốt
Đóng gói kỹ lưỡng. Giá tốt. Giao hàng nhanh bất ngờ. ,Tốt
sao s ko gửi hàng cho mình thế,Tốt
"Chuyên nghiệp, thân thiện. Đẹp như mô tả. Đóng gói kỹ lưỡng. Chất lượng tuyệt vời. Giá tốt. Giao hàng nhanh bất ngờ. ",Tốt
"hàng kém chất,lượng. vì quá ngắn. ren ở vùng cổ quá mõng. mất niềm tin. vì quá xấu.",Xấu
Đúng mô tả. Giá hợp lý. ,Tốt
Ko giống mẫu lắm ,Tốt
"Chuyên nghiệp, thân thiện. Đẹp như mô tả. Đóng gói kỹ lưỡng. Chất lượng tuyệt vời. Giá tốt. Giao hàng nhanh bất ngờ. ",Tốt
Chất lượng tuyệt vời. ,Tốt
Chưa chuyên nghiệp. ,Bình thường
"hàng ok, giao nhanh. meo chưa tới đáy. mình mua có 1 bịt mà shop giao 2 bịch. có nt vs shop thì shop cho lun hihi",Tốt
Giao hàng nhanh bất ngờ. moi mua về chưa chưa xuống giống làm sao biết chất lượng đến đâu mà đánh giá cho một tháng nữa sẽ đánh giá sao ,Tốt
ủ k lên đc bông nấm nào ?,Xấu
Chất lượng cần tốt hơn. ko lên một cây .....,Xấu
hàng bị thủng từa lua ko có lần sau đâu,Tốt
hang ok phu hop voi jia tien,Tốt
Đẹp như mô tả. ,Tốt
Hàng ko giống ảnh,Xấu
Đóng gói kỹ. Giá hợp lý. ,Tốt
Đóng gói kỹ lưỡng. ,Tốt
"Giá tốt. Sale 1k. Thun màu đẹp, cổ thấp, chỉ là thun trơn không có nỉ.",Tốt
vải mỏng,Tốt
"Chuyên nghiệp, thân thiện. Đẹp như mô tả. Đóng gói kỹ lưỡng. Chất lượng tuyệt vời. ",Tốt
Đóng gói kỹ lưỡng. Giá tốt. gửi hàng và đóng gói bảo đảm,Tốt
Chất lượng tốt. ,Tốt
"Chuyên nghiệp, thân thiện. ",Tốt
Giao hàng nhanh bất ngờ. ,Tốt
"Đẹp như mô tả. Chất lượng tuyệt vời. Giá tốt. NỒI ÁP SUẤT ĐIỆN 
ĐẸP 
   CẢM ƠN EM NHIỀU LẮM 
CẢM ƠN SENDO
BẬN SAU PHI HÙNG TIẾP TỤC ỦNG HỘ SHOP NỮA ",Tốt
hang bi móp ,Xấu
Đẹp như mô tả. Đóng gói kỹ lưỡng. Chất lượng tuyệt vời. ,Tốt
"Chuyên nghiệp, thân thiện. Đẹp như mô tả. Đóng gói kỹ lưỡng. Giá tốt. ",Tốt
"Chuyên nghiệp, thân thiện. Đẹp như mô tả. Đóng gói kỹ lưỡng. Giao hàng nhanh bất ngờ. ",Tốt
bình quá kém chất lượng ,Tốt
dung nhu quang cao rat tuyet voi,Tốt
"1. Giao hàng quá chậm (10 ngày kể từ ngày đặt hàng).
2. Giữ nhiệt kém.
",Tốt
Đẹp như mô tả. Đóng gói kỹ lưỡng. Chất lượng tuyệt vời. Giá tốt. Giao hàng nhanh bất ngờ. ,Tốt
"thằng giao hàng , chỉ đường nó nói chuyện cọc cằn như chó . quá bức xúc
",Tốt
"Đóng gói kỹ lưỡng. hàng giống quảng cáo, made in china nhé shop",Tốt
hàng zởm chỉ đựng đc nc nguội .tôi thử đổ nc sôi vào .đậy kin để vài phút thì sờ ngoài vỏ đã bị nóng bỏng tay o chịu đc...ngoài vỏ thì đc nhưng không sử dụng để giữ nhiệt đc .tôi yêu cầu trả lại hàng và bồi hoàn tiền....,Xấu
Đẹp như mô tả. Chất lượng tuyệt vời. Giá tốt. ,Tốt
ko giống sp shop đăng ,Tốt
Giá tốt. ,Tốt
bạn gi mà  ko có tầm lường gạt  đưa  đồ  cũ  còn rách   nhận  ở  chỗ làm  về  nhà  xem rách ,Tốt
Chất lượng tuyệt vời. ,Tốt
Đóng gói kỹ lưỡng. ,Tốt
"Chuyên nghiệp, thân thiện. Đẹp như mô tả. Đóng gói kỹ lưỡng. Chất lượng tuyệt vời. Giá tốt. ",Tốt
chât vải và size giao đúng.phom áo đẹp.mát...giá lại rẻ,Tốt
"đẹp , rất ưng ý
",Tốt
Sản phẩm/dịch vụ giống mô tả và tốt hơn mong đợi. ,Tốt
"Mùi ko quá hắc, có vẻ hợp với da nên thấy chăm chỉ bôi, chỗ bị bệnh á sừng cũng bớt chút rồi",Tốt
"Chuyên nghiệp, thân thiện. Đóng gói kỹ lưỡng. Giá tốt. ",Tốt
"Giống như hình , chất lượng chưa sd sẽ có đánh giá sau. Tạm cho 4 sao.",Tốt
Đóng gói kỹ lưỡng. ,Tốt
"Chuyên nghiệp, thân thiện. ",Tốt
"Chuyên nghiệp, thân thiện. ",Tốt
"Chuyên nghiệp, thân thiện. Đẹp như mô tả. Đóng gói kỹ lưỡng. Chất lượng tuyệt vời. Giá tốt. Giao hàng nhanh bất ngờ. ",Tốt
"Chuyên nghiệp, thân thiện. Đẹp như mô tả. Đóng gói kỹ lưỡng. Chất lượng tuyệt vời. Giá tốt. Giao hàng nhanh bất ngờ. ",Tốt
"Chuyên nghiệp, thân thiện. Đẹp như mô tả. Đóng gói kỹ lưỡng. Giá tốt. Giao hàng nhanh bất ngờ. ",Tốt
đâu vòi nhỏ lắm ,Bình thường
Chất lượng tuyệt vời. ,Tốt
"Chuyên nghiệp, thân thiện. ",Tốt
Đẹp như mô tả. ,Tốt
"đã sử dụng, hàng tốt, xin cám ơn ",Tốt
Giá tốt. ,Tốt
Mình dùng điếu nhỏ shop cho ít miếng cao su qua,Tốt
Đẹp như mô tả. Chất lượng tuyệt vời. Giao hàng nhanh bất ngờ. ,Tốt
tốt ,Tốt
Giá tốt. ,Tốt
"Chuyên nghiệp, thân thiện. Đẹp như mô tả. Đóng gói kỹ lưỡng. Chất lượng tuyệt vời. Giá tốt. ",Tốt
Cần đúng với mô tả. shop bán hàng new si lộn xộn nhưng bảo 100% new. ko đánh giá cao.,Xấu
"Chuyên nghiệp, thân thiện. Giá tốt. Giao hàng nhanh bất ngờ. ",Tốt
"Chuyên nghiệp, thân thiện. Giá tốt. ",Tốt
Đẹp như mô tả. Chất lượng tuyệt vời. ,Tốt
Đẹp như mô tả. Giá tốt. Giao hàng nhanh bất ngờ. ,Tốt
"Chuyên nghiệp, thân thiện. Giá tốt. ",Tốt
"Chuyên nghiệp, thân thiện. Đẹp như mô tả. Đóng gói kỹ lưỡng. Chất lượng tuyệt vời. Giá tốt. Giao hàng nhanh bất ngờ. ",Tốt
Đóng gói kỹ lưỡng. ,Tốt
Đẹp như mô tả. Đóng gói kỹ lưỡng. Giá tốt. ,Tốt
dung tam dc,Tốt
"hàng k nhận kêu đánh giá, đánh bằng niềm tin hả, hàng k giao cho khách shipper đã báo nhận hàng, làm ăn như que ",Xấu
"Chuyên nghiệp, thân thiện. Đẹp như mô tả. ",Tốt
"Chuyên nghiệp, thân thiện. Đẹp như mô tả. Giá tốt. ",Tốt
Đẹp như mô tả. Đóng gói kỹ lưỡng. ,Tốt
"chất vải đẹp, giao nhanh. Chất lượng hơn giá tiền ",Tốt
"vải dày dặn , mát lạnh , sẽ quay lại ủng hộ . cám ơn shop đã tặng thêm túi xách",Tốt
"Chuyên nghiệp, thân thiện. Đẹp như mô tả. Đóng gói kỹ lưỡng. Chất lượng tuyệt vời. Giá tốt. Giao hàng nhanh bất ngờ. ",Tốt
Đẹp như mô tả. Đóng gói kỹ lưỡng. ,Tốt
"Chuyên nghiệp, thân thiện. Giá tốt. Giao hàng nhanh bất ngờ. tuyệt vời",Tốt
"chổi tiện dụng,quét sạch sẽ ,dọn dẹp nhanh.Thanks shop.5*.",Tốt
"Chất lượng tuyệt vời. Sản phẩm tốt hơn mong đợi,đóng gói cẩn thận ",Tốt
Đóng gói kỹ lưỡng. ,Tốt
Chất lượng tuyệt vời. Đóng gói kỹ lưỡng. ,Tốt
Đẹp như mô tả. ,Tốt
Giá hợp lý. ,Tốt
Sản phẩm rất là tuyệt vời luôn nà 😇🥰😍😇🥰😍😇🥰😍😇🥰😍😇,Tốt
"Chuyên nghiệp, thân thiện. Đẹp như mô tả. Đóng gói kỹ lưỡng. Giá tốt. ",Tốt
Đúng mô tả. Giá hợp lý. ,Tốt
"OK. .. 
Về dùng để rán được đúng 1 lần, bong hết lớp chống dính, chán, tóm lại là mọi người không lên mua , tặng shop 1 sao, không có lần sau ",Tốt
Hàng kém chất lượng ảnh hưởng người tiêu dùng,Xấu
"Cần đúng với mô tả. Chất lượng cần tốt hơn. chẳng ra gì , không bao giờ mua của shop này nữa ",Xấu
"Chuyên nghiệp, thân thiện. Đẹp như mô tả. Đóng gói kỹ lưỡng. Giá tốt. Giao hàng nhanh bất ngờ. shop rất nhiệt tình ủng hộ shop",Tốt
Chuẩn như đặt OK giao hàng rất nhanh nữa ,Tốt
hàng ko đẹp rán toàn mùi nhựa  rán xung quanh soong bốc khoái ko rán được,Bình thường
"Chất lượng cần tốt hơn. Nên đóng gói kỹ hơn. nồi chất lượng kém, bị móp méo nhiều vị trí khi nhận hàng",Xấu
ko chống dính ,Xấu
quá tệ,Xấu
sản phẩm chất lượng.nên mua,Tốt
mỏng,Bình thường
nồi rất tệ mớ dùng một bữ đã tróc hết. chống. dính mọi nười khôngg nên mua,Tốt
"mới chiên một lần đã bị xát rồi chán
",Xấu
Đẹp như mô tả. ,Tốt
Chất lượng cần tốt hơn. ,Xấu
"Chuyên nghiệp, thân thiện. Đẹp như mô tả. Đóng gói kỹ lưỡng. Chất lượng tuyệt vời. Giá tốt. ",Tốt
Cần đúng với mô tả. ,Xấu
Giao hàng nhanh bất ngờ. ,Tốt
"Hàng đẹp , nhưng bị thiếu .",Tốt
Đẹp như mô tả. Đóng gói kỹ lưỡng. Giá tốt. ,Tốt
Cần đúng với mô tả. Chất lượng cần tốt hơn. Giao hàng cần nhanh hơn. Shop cần thân thiện hơn. Nên đóng gói kỹ hơn. ,Xấu
Chất lượng tuyệt vời. ,Tốt
Chất lượng tuyệt vời. Giá tốt. ,Tốt
Chất lượng tuyệt vời. Giá tốt. ,Tốt
"Chuyên nghiệp, thân thiện. Đẹp như mô tả. Đóng gói kỹ lưỡng. Chất lượng tuyệt vời. ",Tốt
Chất lượng tuyệt vời. ,Tốt
"Chuyên nghiệp, thân thiện. Đẹp như mô tả. Đóng gói kỹ lưỡng. Chất lượng tuyệt vời. Giá tốt. Giao hàng nhanh bất ngờ. đóng gói OK duyệt được ! giao hàng nhanh chóng mặt luôn !!! vừa túi tiền. ! cảm ơn shop nhiều ạ ! ",Tốt
"Chuyên nghiệp, thân thiện. Đóng gói kỹ lưỡng. Chất lượng tuyệt vời. Giá tốt. ",Tốt
"Đóng gói kỹ lưỡng. Giao hàng mùa dịch quá lâu, thôi dù sao cũng nhận được, nếu mua trả CoD là huỷ rồi. Hàng chính hãng không có gì oánh giá chất lượng",Tốt
Đẹp như mô tả. ,Tốt
Đẹp như mô tả. Đóng gói kỹ lưỡng. Giá tốt. Giao hàng nhanh bất ngờ. ,Tốt
Mua màu xanh giao màu trắng mà còn bị gãy quay vô nước nữa. ,Bình thường
Không đúng màu và bị bể nứt ,Xấu
"Chuyên nghiệp, thân thiện. Đẹp như mô tả. Đóng gói kỹ lưỡng. Chất lượng tuyệt vời. Giá tốt. sản phẩm y hình, còn chất lượng sử dụng mới biết, nói chung là ok",Tốt
"Chuyên nghiệp, thân thiện. Giá tốt. Giao hàng nhanh bất ngờ. ",Tốt
"Đóng gói kỹ lưỡng. Chuyên nghiệp, thân thiện. Giá tốt. Giao hàng nhanh bất ngờ. Đẹp như mô tả. nồi bọc INox hơi mỏng, chưa thật sát như giới thiệu là Inox 304",Tốt
Đẹp như mô tả. ,Tốt
Đẹp như mô tả. ,Tốt
Đẹp như mô tả. ,Tốt
Đẹp như mô tả. ,Tốt
hàng ok nhưng ko đúng màu,Tốt
Chất lượng tuyệt vời. ,Tốt
giao hàng chậm quá,Bình thường
Chất lượng tuyệt vời. ,Tốt
"tuyệt, ngon, bổ, rẻ.",Tốt
"Đẹp như mô tả. l


......
.

.


..

...






..
.


..






",Tốt
"Chuyên nghiệp, thân thiện. Đẹp như mô tả. Đóng gói kỹ lưỡng. Giá tốt. ",Tốt
"Chuyên nghiệp, thân thiện. ",Tốt
Đẹp như mô tả. Đóng gói kỹ lưỡng. ,Tốt
"Chuyên nghiệp, thân thiện. Đẹp như mô tả. Đóng gói kỹ lưỡng. Chất lượng tuyệt vời. Giá tốt. Giao hàng nhanh bất ngờ. ",Tốt
"Đẹp như mô tả. Đóng gói kỹ lưỡng. Giao hàng nhanh bất ngờ. Tôi xit buổi tối, trưa hôm sau có 4 con chuột vào nhà,và tôi đành phải dùng bả trộn thức ăn, : cả 4 con chết !
Không hiểu shop bán hàng qc theo nhà sx có thực nghiệm không???!!!
Hình amhr video qc quá xa thực tế ! Vậy shop bans hàng gì đây?",Tốt
Giá tốt. ,Tốt
Giao hàng tạm ổn. ,Bình thường
"Ko có hiệu quả chuột và con trùng vẫn như bình thường, mua phí tiền thôi",Xấu
"Xài được 3 hôm đầu thì rất OK, sao hôm thứ tư chuột kéo lại như củ",Bình thường
Đóng gói kỹ lưỡng. ,Tốt
"Chuyên nghiệp, thân thiện. Đẹp như mô tả. Đóng gói kỹ lưỡng. Chất lượng tuyệt vời. Giá tốt. Giao hàng nhanh bất ngờ. ",Tốt
sản phẩm này chết chưa nhiều ,Bình thường
"sản phẩm ok. dung sản phẩm 

",Tốt
Chất lượng tuyệt vời. Giá tốt. diệt chuột tốt. sau mấy ngày chuột lăn ra chết nhiều,Tốt
Chất lượng tuyệt vời. ,Tốt
Đẹp như mô tả. ,Tốt
"Chuyên nghiệp, thân thiện. Đẹp như mô tả. Đóng gói kỹ lưỡng. Chất lượng tuyệt vời. Giá tốt. Giao hàng nhanh bất ngờ. ",Tốt
Giá tốt. ,Tốt
"Chuyên nghiệp, thân thiện. ",Tốt
Giá tốt. ,Tốt
"Chuyên nghiệp, thân thiện. Đẹp như mô tả. Đóng gói kỹ lưỡng. Chất lượng tuyệt vời. Giá tốt. Giao hàng nhanh bất ngờ. Shop ship hàng nhanh người giao hàng nhiệt tình thân thiện lắm ok shop đóng gói hàng chất lượng sản phẩm chất lượng ok shop",Tốt
"Chuyên nghiệp, thân thiện. Đẹp như mô tả. Đóng gói kỹ lưỡng. Chất lượng tuyệt vời. Giá tốt. Giao hàng nhanh bất ngờ. shop đóng gói hàng chất lượng sản phẩm tốt lắm .ship hàng nhanh người giao hàng nhiệt tình thân thiện lắm ok.Sản ok lắm mình mua nhiều lần rồi ",Tốt
"Chuyên nghiệp, thân thiện. Đẹp như mô tả. Đóng gói kỹ lưỡng. Chất lượng tuyệt vời. Giá tốt. Giao hàng nhanh bất ngờ. Shop ship hàng nhanh người giao hàng nhiệt tình thân thiện lắm ok. shop đóng gói hàng chất lượng sản phẩm ok",Tốt
"Chuyên nghiệp, thân thiện. Đẹp như mô tả. Đóng gói kỹ lưỡng. Chất lượng tuyệt vời. Giá tốt. Giao hàng nhanh bất ngờ. tuyệt vời ",Tốt
"Chuyên nghiệp, thân thiện. Đóng gói kỹ lưỡng. Chất lượng tuyệt vời. Giá tốt. Giao hàng nhanh bất ngờ. ",Tốt
"Chuyên nghiệp, thân thiện. Chất lượng tuyệt vời. Giá tốt. Giao hàng nhanh bất ngờ. ",Tốt
"Chuyên nghiệp, thân thiện. Đẹp như mô tả. Đóng gói kỹ lưỡng. Chất lượng tuyệt vời. Giá tốt. Giao hàng nhanh bất ngờ. giao hàng nhanh. sản phẩm tốt lắm ok shop đóng gói hàng chất lượng.người giao hàng nhiệt tình thân thiện lắm ok ",Tốt
"Sp đúng với hình ảnh thông tin shop đăng, đóng gói đầy đủ số lượng đẹp và chắc chắn, thời gian chuẩn bị giao hàng của shop nhanh, nhân viên giao hàng nhiệt tình vui vẻ. ",Tốt
"Chuyên nghiệp, thân thiện. Đẹp như mô tả. Đóng gói kỹ lưỡng. Chất lượng tuyệt vời. Giá tốt. Giao hàng nhanh bất ngờ. ok okkkk",Tốt
"Chuyên nghiệp, thân thiện. Đẹp như mô tả. Đóng gói kỹ lưỡng. Chất lượng tuyệt vời. Giá tốt. Giao hàng nhanh bất ngờ. ok",Tốt
"Chuyên nghiệp, thân thiện. Đẹp như mô tả. Chất lượng tuyệt vời. Giá tốt. Giao hàng nhanh bất ngờ. sản phẩm đúng mô tả hàng chất lượng tuyêt vời gđ tôi luôn dùng",Tốt
Giá tốt. ,Tốt
"Chuyên nghiệp, thân thiện. Đẹp như mô tả. Đóng gói kỹ lưỡng. Chất lượng tuyệt vời. Giá tốt. Giao hàng nhanh bất ngờ. ",Tốt
"Chuyên nghiệp, thân thiện. Đẹp như mô tả. Đóng gói kỹ lưỡng. Chất lượng tuyệt vời. Giá tốt. Giao hàng nhanh bất ngờ. ",Tốt
"Chuyên nghiệp, thân thiện. Đóng gói kỹ lưỡng. Giá tốt. ",Tốt
đóng gói k cẩn thận. Hàng chưa dùng nhưng trông k xịn xò như quảng cáo,Bình thường
"Chuyên nghiệp, thân thiện. Đẹp như mô tả. Đóng gói kỹ lưỡng. Chất lượng tuyệt vời. Giao hàng nhanh bất ngờ. giữ đá hơi bi lâu ",Tốt
"Đóng gói kỹ lưỡng. Giao hàng nhanh bất ngờ. mấy ông ship bóc hàng rách góc, chê mấy ông Ship thật sự ",Tốt
Đẹp như mô tả. Giá tốt. Giao hàng nhanh bất ngờ. ,Tốt
"mới sử dụng 3 ngày nói chung cũng OK
",Tốt
Khá mỏng nắp trong ngăn nước không khít nên nước chảy ra được.Nhưng bù lại hàng rẻ thì hàng thế đúng r,Tốt
"Chuyên nghiệp, thân thiện. Đẹp như mô tả. Đóng gói kỹ lưỡng. ",Tốt
Đẹp như mô tả. ,Tốt
"giáo hàng hơi chậm , hàng đúng mẫu mã, đẹp",Tốt
"Đẹp như mô tả. Shop nên kiểm tra hàng cẩn thận trước khi giao cho khách hàng ,, tin tưởng không kiểm hàng cuối cùng mua 7 món thiếu 2 món  trong đó có 2 ca tặng kèm bình giữ nhiệt  gửi tin nhắn shop chả thèm trả lời  buôn bán mất uy tín quá !!! ",Tốt
Đẹp như mô tả. ,Tốt
"Chuyên nghiệp, thân thiện. Đẹp như mô tả. Chất lượng tuyệt vời. Giá tốt. ",Tốt
Đẹp như mô tả. Đóng gói kỹ lưỡng. ,Tốt
"K ưng lắm nhưng khích lệ 5*
",Tốt
Sản phẩm/dịch vụ tương đối giống mô tả. giao hàng  trễ ,Bình thường
Sản phẩm/dịch vụ giống mô tả và tốt hơn mong đợi. ,Tốt
Sản phẩm/dịch vụ giống mô tả và tốt hơn mong đợi. ,Tốt
Chất lượng tuyệt vời. ,Tốt
đẹp,Tốt
"áo cũng tạm được ,nhưng k biết phi mặc có bị nóng không ",Tốt
nhanh,Tốt
Chất lượng tốt. ,Tốt
"Chuyên nghiệp, thân thiện. Đẹp như mô tả. Đóng gói kỹ lưỡng. Giá tốt. Giao hàng nhanh bất ngờ. ",Tốt
"Chuyên nghiệp, thân thiện. Đẹp như mô tả. Đóng gói kỹ lưỡng. Giá tốt. Giao hàng nhanh bất ngờ. ",Tốt
"Chuyên nghiệp, thân thiện. Đẹp như mô tả. ",Tốt
Chất lượng tuyệt vời. ,Tốt
Chất lượng tuyệt vời. ,Tốt
Quá ok. Mua thêm bộ nữa cho người thân,Tốt
Đẹp như mô tả. ,Tốt
"Chuyên nghiệp, thân thiện. Đẹp như mô tả. Giá tốt. Giao hàng nhanh bất ngờ. ",Tốt
"Chuyên nghiệp, thân thiện. Đẹp như mô tả. Đóng gói kỹ lưỡng. Chất lượng tuyệt vời. Giá tốt. Giao hàng nhanh bất ngờ. ",Tốt
Đẹp như mô tả. ,Tốt
Đẹp như mô tả. Đóng gói kỹ lưỡng. Giá tốt. ,Tốt
Đóng gói kỹ lưỡng. ,Tốt
"Sản phẩm/dịch vụ giống mô tả và tốt hơn mong đợi. Chất lượng sản phẩm/dịch vụ rất tốt. Gửi sản phẩm/vé dịch vụ nhanh. Shop tư vấn, hướng dẫn cực kỳ nhiệt tình. Màu đỏ hơi tối xíu nhưng cũng khá dễ thương, 3 cành đỏ, 1 cành trắng vừa đẹp, giá cũng khá hợp lý :",Tốt
"Sản phẩm/dịch vụ giống mô tả và tốt hơn mong đợi. Chất lượng sản phẩm/dịch vụ rất tốt. Gửi sản phẩm/vé dịch vụ nhanh. Shop tư vấn, hướng dẫn cực kỳ nhiệt tình. ",Tốt
"Sản phẩm/dịch vụ giống mô tả và tốt hơn mong đợi. Chất lượng sản phẩm/dịch vụ rất tốt. Gửi sản phẩm/vé dịch vụ nhanh. Shop tư vấn, hướng dẫn cực kỳ nhiệt tình. ",Tốt
"Sản phẩm/dịch vụ giống mô tả và tốt hơn mong đợi. Chất lượng sản phẩm/dịch vụ rất tốt. Gửi sản phẩm/vé dịch vụ nhanh. Shop tư vấn, hướng dẫn cực kỳ nhiệt tình. Hoa đẹp ",Tốt
Sản phẩm/dịch vụ giống mô tả và tốt hơn mong đợi. Chất lượng sản phẩm/dịch vụ rất tốt. Gửi sản phẩm/vé dịch vụ nhanh. ,Tốt
"Sản phẩm/dịch vụ giống mô tả và tốt hơn mong đợi. Chất lượng sản phẩm/dịch vụ rất tốt. Gửi sản phẩm/vé dịch vụ nhanh. Shop tư vấn, hướng dẫn cực kỳ nhiệt tình. ",Tốt
"Sản phẩm/dịch vụ giống mô tả và tốt hơn mong đợi. Chất lượng sản phẩm/dịch vụ rất tốt. Gửi sản phẩm/vé dịch vụ nhanh. Shop tư vấn, hướng dẫn cực kỳ nhiệt tình. ",Tốt
Đẹp như mô tả. Đóng gói kỹ lưỡng. Chất lượng tuyệt vời. Giá tốt. chất lượng tốt rẻ....,Tốt
Đẹp như mô tả. ,Tốt
"shop bán hàng có tâm ,giao đầy đủ ,nhưng nhân viên giao hàng nói chuyện ko lịch sự ,mai mốt shop gởi hàng bên chổ khác mình sẻ ủng hộ tiếp",Xấu
Đẹp như mô tả. ,Tốt
Chất lượng tốt. Giá hợp lý. ,Tốt
dây đai máy cât nhôm 255,Tốt
Đẹp như mô tả. ,Tốt
Đẹp như mô tả. Đóng gói kỹ lưỡng. Chất lượng tuyệt vời. ,Tốt
Đẹp như mô tả. ,Tốt
Đẹp như mô tả. Đóng gói kỹ lưỡng. ,Tốt
Đẹp như mô tả. ,Tốt
"Chuyên nghiệp, thân thiện. Giao hàng nhanh bất ngờ. ",Tốt
Đẹp như mô tả. ,Tốt
"Chuyên nghiệp, thân thiện. Đẹp như mô tả. Đóng gói kỹ lưỡng. Chất lượng tuyệt vời. Giá tốt. Giao hàng nhanh bất ngờ. Đúng mẫu là OK tuyệt vời",Tốt
mình chưa xem....nhưng thấy sop đóng hàng cẩn thận...ok...giá tốt...khi nào cần minh sẽ mua thêm ung ho sop...,Tốt
Chất lượng ổn. Chưa chuyên nghiệp. Đặt 2 bộ vàng đen giao 2 bộ đỏ cam,Bình thường
"Chuyên nghiệp, thân thiện. ",Tốt
"Chuyên nghiệp, thân thiện. Đẹp như mô tả. Đóng gói kỹ lưỡng. Giao hàng nhanh bất ngờ. ",Tốt
giao nhầm sai ko mặc dc ko hài lòng ,Bình thường
Giao sai màu,Tốt
giao sai size. giao sai màu. thật sự thất vọng.,Xấu
Chất lượng ổn. Đúng mô tả. ,Bình thường
"Chuyên nghiệp, thân thiện. Chất lượng tuyệt vời. Giá tốt. Giao hàng nhanh bất ngờ. ",Tốt
"Chuyên nghiệp, thân thiện. Đẹp như mô tả. Đóng gói kỹ lưỡng. Chất lượng tuyệt vời. Giá tốt. Giao hàng nhanh bất ngờ. ",Tốt
"Chuyên nghiệp, thân thiện. Đẹp như mô tả. Đóng gói kỹ lưỡng. Chất lượng tuyệt vời. Giá tốt. Giao hàng nhanh bất ngờ. ",Tốt
"Chuyên nghiệp, thân thiện. Đẹp như mô tả. Đóng gói kỹ lưỡng. Chất lượng tuyệt vời. Giá tốt. Giao hàng nhanh bất ngờ. ",Tốt
Đẹp như mô tả. ,Tốt
Đẹp như mô tả. Đóng gói kỹ lưỡng. Giá tốt. Giao hàng nhanh bất ngờ. ,Tốt
Đẹp như mô tả. Chất lượng tuyệt vời. ,Tốt
Đóng gói kỹ lưỡng. ,Tốt
Đẹp như mô tả. Chất lượng tuyệt vời. Giá tốt. ,Tốt
"Chuyên nghiệp, thân thiện. Đẹp như mô tả. Đóng gói kỹ lưỡng. Giá tốt. Giao hàng nhanh bất ngờ. ok tốt ủng hộ shop lần sau",Tốt
"ngoại quan đẹp,, chưa sử dụng nên chưa biết...",Bình thường
Chất lượng cần tốt hơn. Không đúng với mô tả giữ nhiệt 4 tiếng là ngủi tanh hàng không đúng chất lượng ,Xấu
Đẹp như mô tả. Đóng gói kỹ lưỡng. Chất lượng tuyệt vời. Giao hàng nhanh bất ngờ. ,Tốt
"Chuyên nghiệp, thân thiện. Đẹp như mô tả. Đóng gói kỹ lưỡng. Chất lượng tuyệt vời. Giá tốt. Giao hàng nhanh bất ngờ. ",Tốt
"Chuyên nghiệp, thân thiện. Đẹp như mô tả. Đóng gói kỹ lưỡng. Chất lượng tuyệt vời. Giá tốt. Giao hàng nhanh bất ngờ. ",Tốt
"Chuyên nghiệp, thân thiện. Đẹp như mô tả. Đóng gói kỹ lưỡng. Chất lượng tuyệt vời. Giá tốt. Giao hàng nhanh bất ngờ. quá OK
",Tốt
qua tệ mở ra nắp bể,Tốt
Đẹp như mô tả. Đóng gói kỹ lưỡng. Chất lượng tuyệt vời. Giá tốt.  ,Tốt
"
chất lượng tốt dùng pha trà được
",Tốt
"Chuyên nghiệp, thân thiện. Đẹp như mô tả. Đóng gói kỹ lưỡng. Giá tốt. ",Tốt
Đẹp như mô tả. Đóng gói kỹ lưỡng. ,Tốt
Đẹp như mô tả. ,Tốt
Đẹp như mô tả. ,Tốt
"Chuyên nghiệp, thân thiện. Đẹp như mô tả. Đóng gói kỹ lưỡng. Chất lượng tuyệt vời. Giá tốt. Giao hàng nhanh bất ngờ. ",Tốt
Đẹp như mô tả. Đóng gói kỹ lưỡng. Chất lượng tuyệt vời. Giá tốt. giá tốt rẻ mà gương giống như rin của xe nhìn hình rõ đẹp tặng shop 5❤ 6 sao,Tốt
"Chất lượng bình thường, gương hơi loá, có vết mẻ ở viền",Bình thường
"Chuyên nghiệp, thân thiện. Đẹp như mô tả. Chất lượng tuyệt vời. Giá tốt. Giao hàng nhanh bất ngờ. ",Tốt
Chất lượng tuyệt vời. Giá tốt. Giao hàng nhanh bất ngờ. ,Tốt
"Chuyên nghiệp, thân thiện. Đẹp như mô tả. Đóng gói kỹ lưỡng. Chất lượng tuyệt vời. Giá tốt. Giao hàng nhanh bất ngờ. ",Tốt
"Chuyên nghiệp, thân thiện. Đẹp như mô tả. Đóng gói kỹ lưỡng. Giá tốt. ",Tốt
"Chuyên nghiệp, thân thiện. Đẹp như mô tả. Đóng gói kỹ lưỡng. Chất lượng tuyệt vời. Giá tốt. ",Tốt
Đẹp như mô tả. ,Tốt
Đẹp như mô tả. Đóng gói kỹ lưỡng. Giá tốt. ,Tốt
"Chuyên nghiệp, thân thiện. Đóng gói kỹ lưỡng. Chất lượng tuyệt vời. Giao hàng nhanh bất ngờ. ",Tốt
"Chuyên nghiệp, thân thiện. ",Tốt
Giá tốt. Giao hàng nhanh bất ngờ. ,Tốt
"Chuyên nghiệp, thân thiện. Đẹp như mô tả. Đóng gói kỹ lưỡng. Chất lượng tuyệt vời. Giá tốt. Giao hàng nhanh bất ngờ. ",Tốt
Đẹp như mô tả. ,Tốt
sp ok,Tốt
Đẹp như mô tả. ,Tốt
Đẹp như mô tả. Đóng gói kỹ lưỡng. Chất lượng tuyệt vời. Giá tốt. Cốc giữ nhiệt xứng đáng đồng tiền bỏ ra,Tốt
"Chất lượng tuyệt vời. Không còn gì để nói,giao hàng nhanh,đóng gói kĩ:có cả bọc phụ kiện,có túi đeo chắc chắn,bình nước giữ nhiệt tốt,dễ dàng vệ sinh,có 2 ốc hút+1cọ+túi+bình",Tốt
"Chuyên nghiệp, thân thiện. Đẹp như mô tả. Đóng gói kỹ lưỡng. Chất lượng tuyệt vời. Giá tốt. Giao hàng nhanh bất ngờ. ",Tốt
"Chuyên nghiệp, thân thiện. Đẹp như mô tả. Giá tốt. Giao hàng nhanh bất ngờ. ",Tốt
Đẹp như mô tả. Hàng chất lựơng ok,Tốt
"Chuyên nghiệp, thân thiện. Đóng gói kỹ lưỡng. Chất lượng tuyệt vời. Giao hàng nhanh bất ngờ. ",Tốt
"Chuyên nghiệp, thân thiện. ok",Tốt
Đẹp như mô tả. Đóng gói kỹ lưỡng. Tặng 5 sao cho shop nhé ,Tốt
"Chuyên nghiệp, thân thiện. Đẹp như mô tả. Đóng gói kỹ lưỡng. Chất lượng tuyệt vời. Giá tốt. Giao hàng nhanh bất ngờ. Tốt",Tốt
Ko có nắp đậy nt ko thấy shop phản hồi yêu cau shop gửi nắp đậy Cho tôi ,Xấu
"Chuyên nghiệp, thân thiện. Đóng gói kỹ lưỡng. shop giao ly lại không có nắp đậy, gửi trả tôi hay tôi gửi lại trả ship",Tốt
"Giá tốt. Chưa làm đúng yêu cầu,  hàng thì ok nên vẫn vote 5 sao",Tốt
Đẹp như mô tả. Giá tốt. ,Tốt
giao bình ko có nắp ko sử dụng được mà chat với shop ko thấy tra lời.Tệ quá nha,Tốt
Giá tốt. ,Tốt
"Chuyên nghiệp, thân thiện. Đẹp như mô tả. Đóng gói kỹ lưỡng. Giao hàng nhanh bất ngờ. rất tốt dễ lấy đá",Tốt
Khuôn nhỏ quá không trả được thì cho đổi loại khuôn to hơn đi ,Tốt
"Chuyên nghiệp, thân thiện. Đẹp như mô tả. Đóng gói kỹ lưỡng. Chất lượng tuyệt vời. Giá tốt. Giao hàng nhanh bất ngờ. ",Tốt
Giao hàng nhanh bất ngờ. ,Tốt
Giá tốt. ,Tốt
Đóng gói kỹ lưỡng. ,Tốt
chat luong giong quang cao dung 0k,Tốt
"đầu cây lau không uốn cong mềm như mô tả,dùng để quét ngang chứ quét trần chắc không được",Tốt
"Đẹp như mô tả. đẹp như mô tả, nhưng cây sào rút hơi yếu
",Tốt
Đóng gói kỹ lưỡng. ,Tốt
Đẹp như mô tả. ,Tốt
"Giá tốt. Giao hàng nhanh bất ngờ. Chuyên nghiệp, thân thiện. ",Tốt
"tuyệt vời, đúng như mô tả",Tốt
